date,returns,price,volatility
2020-01-01,0.0,100.0,100.0
2020-01-02,-237.47722629290772,9.303567447023262,92.73618495495704
2020-01-03,131.43727920478332,34.63174389616991,114.2345976522756
2020-01-06,124.35099911938931,120.09471297987334,113.6648038846516
2020-01-07,-128.21548404576995,33.318935394507314,112.37460386588644
2020-01-08,-40.852431556615564,22.144774407857742,111.70391617943292
2020-01-09,169.92051492910883,121.12301712210242,104.27364131340818
2020-01-10,-37.428470084777345,83.30611857199911,110.58635345837683
2020-01-13,-36.12386292359818,58.04876130402155,103.12627876941261
2020-01-14,-1.8441651709123623,56.98805689799362,96.28223259851684
2020-01-15,294.37535711406196,1082.0311939787007,89.33122724752765
2020-01-16,319.191418818845,26331.190791007935,124.6945990206479
2020-01-17,276.8899960768963,419747.8437218082,153.31258185791822
2020-01-20,107.01927698942151,1223960.178680414,166.57083353725557
2020-01-21,294.7772778758753,23332901.09155028,157.57309022239662
2020-01-22,-0.3716641746209717,23246342.01147828,172.8995410725295
2020-01-23,-4.1620314940499075,22298679.73210626,159.718901264232
2020-01-24,-144.61863655655353,5250593.439494259,147.5985791209089
2020-01-27,63.00390488209759,9858954.762453482,143.90620027880027
2020-01-28,-20.601351564647295,8023435.040617321,134.53473347027932
2020-01-29,-58.75373148575971,4458575.518862762,124.60777223777113
2020-01-30,-14.142111236968352,3870594.8848997643,116.80424848052952
2020-01-31,-27.987068861805543,2925710.987039854,108.24392604049417
2020-02-03,103.28050098880077,8218128.720080648,100.68546567558062
2020-02-04,134.955933848604,31686853.2856824,98.9121566695015
2020-02-05,-27.490009256027943,24070855.165907767,101.17995322471288
2020-02-06,-11.421488805172114,21472797.283292305,94.21966649941757
2020-02-07,-31.350888823782384,15693992.615310691,87.51450601257437
2020-02-10,303.3226237193543,325871861.22063106,81.90395760422872
2020-02-11,-336.1396366233823,11303448.703126015,122.48461510144568
2020-02-12,428.4350119444884,820126005.3939295,155.40622357871274
2020-02-13,-130.02115100000523,223463141.07601967,197.4438809483209
2020-02-14,266.33931055336484,3205552011.8195114,186.88772880015725
2020-02-17,140.24406550276066,13030919611.79878,192.0459125685135
2020-02-18,1.4916627407560215,13226753947.15723,182.80105974803982
2020-02-19,208.09557570244098,105974378176.54625,168.8313236162907
2020-02-20,50.48990103588109,175580277493.76215,169.28907324933115
2020-02-21,-64.21234647443215,92385763785.61137,157.20971593395907
2020-02-24,64.91178002039781,176812649642.7222,146.69690900085774
2020-02-25,-54.18402262437411,102847825059.63867,137.16172776101465
2020-02-26,-61.19126284250912,55775674904.43141,128.00363064696472
2020-02-27,231.04006474328673,562133006442.877,120.00677941187314
2020-02-28,1402.429326871223,6.926474910913e+17,132.96365740587424
2020-03-02,431.9496879772713,5.20530192290063e+19,460.226287546661
2020-03-03,105.28367893706354,1.4917193831331856e+20,445.8643893394053
2020-03-04,272.0043334880111,2.2645762265135293e+21,412.53395124995825
2020-03-05,-75.56448897337775,1.0636886811849003e+21,390.07083656362107
2020-03-06,-9.005249820552336,9.720872229804974e+20,360.5592435456446
2020-03-09,-427.33758894045957,1.3545706675569285e+19,332.5817679048408
2020-03-10,-256.6996877348944,1.0398461497293216e+18,335.2324253162983
2020-03-11,-475.34627597854507,8965333337422286.0,319.70789027524734
2020-03-12,-743.692083095276,5281445010377.955,331.0235234047261
2020-03-13,-48.13489850474275,3263664851195.0186,385.4190946697458
2020-03-16,245.08570225546893,37852906768575.66,355.8052748358935
2020-03-17,-98.5484997808431,14128906090483.354,337.2157835954516
2020-03-18,-247.70837082905754,1186655763262.7253,312.61556692032434
2020-03-19,-453.89433703185375,12679049384.923613,298.8396936095622
2020-03-20,326.2653785665123,331161033204.2488,310.8237362623985
2020-03-23,-177.34144191708145,56215377645.09667,304.73692834248766
2020-03-24,-162.11629892520128,11112019427.634598,286.67037669315476
2020-03-25,-122.8988832556518,3251246694.9776917,269.4087759893996
2020-03-26,164.60991841787495,16863266989.472347,251.60353503804185
2020-03-27,115.7344824743499,53650056927.33617,237.94606645466368
2020-03-30,-221.04760257885636,5882645080.448551,222.6320462184649
2020-03-31,-162.56436191250444,1157616193.6809795,217.0633042766409
2020-04-01,266.3367698251869,16605443835.547443,206.86160477568455
2020-04-02,-335.625314217878,578959611.9505918,208.72587883850736
2020-04-03,-68.67545716138885,291336264.6577865,219.99080384587919
2020-04-06,-203.2543862937237,38165588.52805576,204.2258371310429
2020-04-07,16.51092377366431,45017149.78452955,199.2064211411314
2020-04-08,5.958877711048846,47781202.09797257,184.0053791351359
2020-04-09,349.35360410429575,1572101190.7822597,169.94950261893345
2020-04-10,451.1585167663318,143165059997.65192,191.97708846220567
2020-04-13,-183.81372383564897,22779499618.87062,227.55509848241448
2020-04-14,-156.6101370369109,4757677464.7750025,217.92859593356027
2020-04-15,-102.00541773020922,1715501477.0138853,207.1753254830532
2020-04-16,-24.026478577212295,1349103986.6811285,193.96876988394067
2020-04-17,166.7859789924061,7151344982.452758,179.27082390625608
2020-04-20,175.55158274454362,41380769823.19956,173.77882591751282
2020-04-21,-119.88243617917882,12478309712.976452,169.85598048667663
2020-04-22,-165.20577656796343,2391531960.9018764,161.4328833957079
2020-04-23,32.72475653085542,3317401227.9101906,158.05310603204472
2020-04-24,-82.93255599394935,1447526378.5070038,146.4266288843004
2020-04-27,-72.28318117261026,702594295.7661409,137.8855499456941
2020-04-28,54.05816492754584,1206358106.1595354,129.54939976432064
2020-04-29,157.32570650570764,5817456021.057107,121.06947778831282
2020-04-30,523.2543385145447,1089426229358.2268,122.61436896586208
2020-05-01,350.0861479154131,36107934799140.92,200.6455861283558
2020-05-04,271.5620657232625,545734884854830.2,215.81446810651502
2020-05-05,-193.9036153325398,78499883885658.88,216.94261338305995
2020-05-06,20.855151370927015,96703409399789.75,209.43816290292943
2020-05-07,104.42814136626619,274768815445072.66,193.4636560235574
2020-05-08,106.99626541804044,801025456270740.0,181.6713569680769
2020-05-11,-77.95492657848293,367360428966540.3,171.16842504553762
2020-05-12,129.71103167082853,1344064858994959.8,160.03603447495826
2020-05-13,57.828991114065666,2396449843314718.5,153.46757851289172
2020-05-14,-268.82310953095833,162961274680061.62,143.01703474672541
2020-05-15,-169.8806512832361,29805891672423.82,157.2017105993873
2020-05-18,-45.18616842133871,18969727079394.97,154.89178387218973
2020-05-19,-129.1242007026194,5215330127280.304,143.8642554149672
2020-05-20,415.2767445938401,331746072960716.8,139.13910776232726
2020-05-21,106.787817367092,965115718282078.8,183.8510676406525
2020-05-22,194.77095963620576,6767977696390084.0,173.12249017825317
2020-05-25,-4.332356950189801,6481025521582602.0,171.37461826785292
2020-05-26,-45.476449961210704,4112841934218494.0,158.3216591315252
2020-05-27,107.61971115613017,1.2065032216225088e+16,147.0125720397493
2020-05-28,79.130320945352,2.6618716036074716e+16,140.10350498832636
2020-05-29,8.431010674887425,2.896026405790543e+16,131.95000592195262
2020-06-01,-109.9953352226838,9640484177767838.0,122.09132502959758
2020-06-02,13.776923806987206,1.106448657198479e+16,118.23808725379261
2020-06-03,95.27189199129195,2.8687442723533576e+16,109.55450172758081
2020-06-04,56.010797034435534,5.022773989352538e+16,105.87508612427085
2020-06-05,13.2616122455558,5.735061596972271e+16,99.70869932454129
2020-06-08,165.99738860746277,3.016168400027775e+17,92.56423741801237
2020-06-09,88.69549478915758,7.322429940938028e+17,100.68977427679108
2020-06-10,61.555498853632976,1.3551499705418025e+18,97.4902822178386
2020-06-11,132.09345326002554,5.077640372990479e+18,92.5073499879264
2020-06-12,148.50377608729127,2.241845314965853e+19,95.49259851389664
2020-06-15,-1.5987001266823446,2.2062899005831774e+19,100.28134455876751
2020-06-16,-51.06644754550484,1.3239872814737785e+19,92.99543774157213
2020-06-17,231.30277811742513,1.3378857099848978e+20,87.81632496937232
2020-06-18,-254.43671951255635,1.0505443279139162e+19,109.5675518022618
2020-06-19,246.1142808463865,1.2310483862026587e+20,129.53028823553686
2020-06-22,252.7966734416213,1.5422583361368624e+21,142.89368480964254
2020-06-23,-2.6035487020073,1.502623089577847e+21,154.4228940119334
2020-06-24,-243.80799124573858,1.3122162318302377e+20,142.7240116881251
2020-06-25,41.016885365091596,1.9776046536106983e+20,152.8360417081896
2020-06-26,-31.93308083410208,1.4369970196669673e+20,141.85649716096424
2020-06-29,80.98396310874028,3.229719089267829e+20,131.55511424462975
2020-06-30,404.92412066847515,1.852370527175598e+22,124.36468992205837
2020-07-01,-46.65613742023027,1.1617236537802339e+22,172.17126367199626
2020-07-02,125.7877252333298,4.086880900143339e+22,159.7315934470942
2020-07-03,-303.3405824555489,1.967888875730667e+21,152.87023855320297
2020-07-06,70.81449387915107,3.995250458495882e+21,170.77899243309574
2020-07-07,-244.28466786365152,3.472395440968677e+20,159.34903160148133
2020-07-08,-430.8433587598576,4.671972143116922e+18,166.28528704249774
2020-07-09,-101.83365924901018,1.6874941726265874e+18,205.34307186397237
2020-07-10,-437.87870042938295,2.1162123686042676e+16,192.2964378342901
2020-07-13,92.7739780520334,5.351450537772751e+16,225.177724547003
2020-07-14,-364.57635827092923,1396807342852215.5,209.90463927150583
2020-07-15,-40.36399844484759,932906011222428.5,225.48293959977354
2020-07-16,-130.3839568934724,253272222515165.97,208.51642112797117
2020-07-17,121.60325240664788,854483687844171.8,196.8685622935635
2020-07-20,-194.88984255488347,121704866530133.6,185.80199486601856
2020-07-21,-476.30331529983476,1039319148765.089,182.3245161103408
2020-07-22,333.50152063105327,29182845110891.883,225.92560637342726
2020-07-23,-70.4504067933695,14426646853450.84,233.6842936511634
2020-07-24,196.36189819264735,102790810234712.66,216.82578886306817
2020-07-27,-228.08590192704182,10504848738058.018,209.56433096989576
2020-07-28,298.84974958609155,208582455067501.2,206.47504778645342
2020-07-29,485.3234126259605,2.6730714987299064e+16,212.76341517615865
2020-07-30,-351.7053508561398,793548808688958.4,249.26273627660413
2020-07-31,306.7866149148625,1.705811287280879e+16,255.50301431444788
2020-08-03,16.795295807078467,2.0177717004746748e+16,254.95357319381827
2020-08-04,205.54979824315276,1.5760262909802035e+17,235.32814113015897
2020-08-05,318.32852734363405,3.8023026883810714e+18,226.71018032366717
2020-08-06,-25.887977726909,2.9350575949028413e+18,232.209356217849
2020-08-07,40.048034483371076,4.380695148057548e+18,214.47616671071077
2020-08-10,46.2778099369091,6.958650213987148e+18,198.39457321328283
2020-08-11,116.3779432091417,2.2281683045725938e+19,183.7675413332404
2020-08-12,93.39103880767588,5.669439435951886e+19,173.66437581459707
2020-08-13,92.69609419648302,1.4325643598097927e+20,163.1183825507421
2020-08-14,-51.52088401677645,8.557793170557303e+19,153.5438774585396
2020-08-17,62.24316890541564,1.5947052864808845e+20,142.8453853235714
2020-08-18,-12.577536972113979,1.4062317035495596e+20,133.53465729743144
2020-08-19,-38.17861950965412,9.599514017105907e+19,123.58235488223868
2020-08-20,-255.37427387275127,7.467459355498757e+18,115.01073589569775
2020-08-21,291.107116662636,1.372255599383128e+20,133.65983293863172
2020-08-24,-241.40091981773503,1.2275639826612724e+19,154.14131061194743
2020-08-25,99.64794404825143,3.325137890843384e+19,161.62627416505762
2020-08-26,7.412595449987408,3.5809821224816902e+19,152.6354018591721
2020-08-27,154.36479463008808,1.6764860265327116e+20,141.0972206414245
2020-08-28,91.3143939712862,4.1780469132015193e+20,139.30186934834558
2020-08-31,-218.433776117578,4.702485616593632e+19,132.01549544650558
2020-09-01,429.33987113189323,3.44291931248646e+21,140.30398724621764
2020-09-02,21.563096002968223,4.2714387269128495e+21,187.7916398723965
2020-09-03,180.59873755491049,2.5995880532891375e+22,173.55789154052488
2020-09-04,20.885939597423548,3.2033988520742048e+22,170.19277557886073
2020-09-07,-29.15481762903879,2.3932785666515618e+22,157.36697867607964
2020-09-08,94.34356994734873,6.147834528269982e+22,145.72134853922503
2020-09-09,72.29365777182947,1.266745984332088e+23,137.9839687286816
2020-09-10,-109.30641097302363,4.245978834999645e+22,129.63902413086558
2020-09-11,43.37004083169106,6.551360820308384e+22,124.82036788498515
2020-09-14,-129.4904854907282,1.7945744739793786e+22,116.32369340455035
2020-09-15,-56.706137014009194,1.0178642523568164e+22,115.23150603653025
2020-09-16,-55.60638982203345,5.837062983896854e+21,108.2040368167243
2020-09-17,-94.74190885622323,2.263265468652958e+21,101.78950635907302
2020-09-18,150.4973872478567,1.0193829033973777e+22,99.01788219040182
2020-09-21,247.37562896098723,1.2096954626352317e+23,103.43503372307946
2020-09-22,-120.71816674820812,3.6174598103296608e+22,123.74754725441957
2020-09-23,20.97056478995769,4.461467365192285e+22,120.72168285799738
2020-09-24,-155.48341118181366,9.423708537495844e+21,111.94481883507537
2020-09-25,40.7392271971614,1.4162830618405336e+22,114.75802895522587
2020-09-28,-56.75430322353273,8.029144132117791e+21,107.05121620746485
2020-09-29,-59.95068290440122,4.4086614153032546e+21,100.8120704638668
2020-09-30,585.2913550274079,1.5353054949212924e+24,95.38354657172434
2020-10-01,-308.5691566760182,7.016103450897832e+22,205.15826778390428
2020-10-02,-239.74082020170565,6.381383292968709e+21,213.06787664792003
2020-10-05,288.79245286969586,1.1458414221652399e+23,210.7980031628951
2020-10-06,-1049.1653884831435,3.181684628094496e+18,214.96636132263552
2020-10-07,112.79128564152603,9.828867020558969e+18,386.5924950957381
2020-10-08,59.90752790971025,1.7892809876886215e+19,358.34045415828075
2020-10-09,245.75710806172313,2.0892389145206194e+20,331.06734981485823
2020-10-12,-790.9733683263053,7.670689696377125e+16,315.12601798757396
2020-10-13,549.8679745371672,1.8744794590284923e+19,383.50049944028126
2020-10-14,103.46868595144072,5.2752066742183985e+19,394.1411131212577
2020-10-15,505.73619172929705,8.29132336120907e+21,364.98727565744844
2020-10-16,-580.2447454182865,2.5041073448082166e+19,372.7066731969721
2020-10-19,-1505.23867433212,7269163545514.957,389.6692457293423
2020-10-20,-272.81409940578567,474971838169.4618,596.43956070812
2020-10-21,796.745124058243,1370528177865873.5,556.7062784130424
2020-10-22,-1126.789163168132,17510752540.22053,571.8512723006598
2020-10-23,347.17870086237065,563745062090.6538,636.4174556141706
2020-10-26,549.768949052208,137625515851761.64,597.0145778556006
2020-10-27,-222.8747937244838,14817196116236.393,577.3101722475386
2020-10-28,640.1135842968491,8927790769236975.0,536.9928277930567
2020-10-29,-445.0749100197939,104185727607770.12,534.9594775458622
2020-10-30,-444.34946183214345,1224681157445.5557,512.9947015093171
2020-11-02,17.953770894563156,1465531887074.8906,493.4913105954247
2020-11-03,-638.5156282761087,2471480183.3047376,455.1218038911615
2020-11-04,463.2687532783886,254043311051.30225,465.763565208633
2020-11-05,-990.1893752690995,12722426.403637413,453.8250077407472
2020-11-06,1277.6041297327665,4499188441087.432,522.6959602798139
2020-11-09,-355.1403844770193,129056264514.46487,628.9329360829605
2020-11-10,-275.71094887554983,8191843626.421228,590.7077209966801
2020-11-11,172.7292381668464,46082412112.62764,551.631147263562
2020-11-12,-144.5286597014518,10860634782.200808,511.6013322973138
2020-11-13,402.6390560682881,608827712191.6393,473.98775097531615
2020-11-16,364.2217525343596,23242850311130.25,455.2763455425713
2020-11-17,-1462.8410983578817,10309823.160254138,435.3743408733787
2020-11-18,-728.4366828140376,7074.42095574408,612.5427349106175
2020-11-19,839.139374820207,31190827.639784664,609.9912391706326
2020-11-20,1437.7051637996751,54689139643516.195,621.9255615606663
2020-11-23,136.25630056599172,213626283878446.53,731.8280585668964
2020-11-24,-89.72590077014578,87092358165683.9,676.1605128623801
2020-11-25,-1555.6562567370752,15270412.52527404,624.114698599601
2020-11-26,-292.37261902032503,820526.5128526238,757.098357130288
2020-11-27,1338.866772205206,535447789823.8568,704.177824735524
2020-11-30,-436.1015788428849,6835212766.849197,775.1405491221478
2020-12-01,388.17078564783867,331555579162.9758,727.8975882404769
2020-12-02,859.2464809226351,1787377937339877.0,682.2956250808028
2020-12-03,-1849.4251849539828,16605993.656812323,685.2945888459474
2020-12-04,-1321.159117206719,30.376919095241107,861.0004204125065
2020-12-07,-330.82903980891405,1.1111468516950471,897.0895198673206
2020-12-08,1056.452709520141,43041.48843638434,833.7259447897143
2020-12-09,-938.8323018821092,3.602387276493842,838.17858545087
2020-12-10,1685.540949024655,75301171.3399761,827.8903605235926
2020-12-11,-1618.598178329455,7.035891914663939,931.0192859305305
2020-12-14,-4.23176926748764,6.744361161822068,999.4315286439331
2020-12-15,-899.454107652919,0.0008368762865399122,921.4855745846105
2020-12-16,280.74272053042864,0.013864729649180644,895.9727025528016
2020-12-17,-586.1989418558423,3.945315585845681e-05,830.8632069570106
2020-12-18,-117.01558175369411,1.224304747692435e-05,788.1919425602788
2020-12-21,571.5033491387434,0.0037144716055904116,727.6873107363625
2020-12-22,-1683.962095559505,1.8052717432603878e-10,694.8820811356353
2020-12-23,1089.3747392539008,9.71934424119521e-06,833.1295065048405
2020-12-24,-53.51747265171334,5.691326929800041e-06,841.8805085462541
2020-12-25,3405.348027469259,3503096545.2304883,776.424358232975
2020-12-28,392.4096475949703,177282371482.34314,1293.1160370468465
2020-12-29,-3088.155026634317,0.006870347107717458,1198.6764599466117
2020-12-30,-216.36774383330243,0.000789415241502711,1474.8123996421714
2020-12-31,386.80657010202015,0.03777331469188442,1361.466992649732
2021-01-01,-118.33492056676435,0.011568127499749666,1261.1960388975651
2021-01-04,-67.73343851494377,0.005876252929973144,1163.4102658107442
2021-01-05,-949.2686123080637,4.4307707399961e-07,1072.8717124959808
2021-01-06,-46.662696146451424,2.7785982930154986e-07,1033.7343684836435
2021-01-07,345.6416650579083,8.809037181609862e-06,953.2226778763718
2021-01-08,-661.6484874575781,1.1787604949668057e-08,885.6552764126297
2021-01-11,-2319.305821485106,9.972599343380703e-19,842.9741101821526
2021-01-12,-886.6642336151713,1.4062888444527753e-22,1068.659205373375
2021-01-13,1778.7268557259442,7.464266111772835e-15,1024.4242133814014
2021-01-14,-235.7299099905219,7.066837792956114e-16,1099.324859332244
2021-01-15,1264.5257492329915,2.1927578483427734e-10,1016.3142887121056
2021-01-18,182.31291329759733,1.3575805160149036e-09,1018.8047214612131
2021-01-19,-492.1955397980206,9.889800406147227e-12,941.1123212647983
2021-01-20,354.17918625064567,3.4148229284608505e-10,881.5691612066864
2021-01-21,386.9800897934586,1.6368216653194633e-08,820.5082861795966
2021-01-22,-21.214789554058466,1.3239351248744703e-08,766.3707520029892
2021-01-25,-520.4679585738199,7.2694755514723e-11,706.6615291823699
2021-01-26,166.8157213606199,3.854557717382481e-10,672.0518052149034
2021-01-27,-917.5523236590012,3.9911260383706113e-14,621.9230925508598
2021-01-28,-132.94717662368325,1.056119814955787e-14,642.6976814615289
2021-01-29,678.3469861499968,9.326887104318936e-12,594.111739043963
2021-02-01,-659.9137769639553,1.2698943802322498e-14,588.335710339976
2021-02-02,584.917184920432,4.40585965649277e-12,581.2630137508672
2021-02-03,582.0887934207664,1.485970434818523e-09,567.0092581281667
2021-02-04,-1220.7989191317386,7.415626158967957e-15,554.307956216759
2021-02-05,127.6822140296002,2.6586712402148263e-14,640.5495405288668
2021-02-08,740.1314877745339,4.355267634688159e-11,592.020634411446
2021-02-09,862.5333039948727,2.4263273390817243e-07,593.9651746972426
2021-02-10,-794.4811707582058,8.601248742725681e-11,611.8593012206222
2021-02-11,512.7078440451359,1.4495172309622773e-08,617.6051059419707
2021-02-12,-193.8976143295677,2.0851473131183474e-09,592.1212630764876
2021-02-15,-183.48863183673774,3.328555017553189e-10,549.4325073596124
2021-02-16,181.03017797918912,2.0345099273539474e-09,509.9622298987266
2021-02-17,35.41205666826121,2.8990280760705333e-09,473.73985167885877
2021-02-18,526.7952442282663,5.624644752192823e-07,437.0245203465689
2021-02-19,-481.06347936364784,4.579973368091508e-09,436.11144173327784
2021-02-22,328.25919899741876,1.220322279357693e-07,430.00746305944784
2021-02-23,-306.63066142094925,5.6858382118223235e-09,409.93397726517105
2021-02-24,-160.6095774810448,1.140974571222916e-09,390.30913659728793
2021-02-25,-420.8042654183676,1.697251734320607e-11,363.5513477247558
2021-02-26,377.49798992082805,7.399445923875662e-10,360.7655305694303
2021-03-01,-350.5981824390401,2.2211129317176744e-11,353.5243641949063
2021-03-02,-5.296870975774237,2.1065250225540632e-11,344.41902273314787
2021-03-03,-398.5647382482571,3.9140102375987624e-13,317.7004869709859
2021-03-04,-180.73008444921493,6.422752300705901e-14,319.02812503892426
2021-03-05,274.0540528607733,9.952284956959583e-13,299.79733024741194
2021-03-08,291.6962216418001,1.8396847016743976e-11,289.8400174732536
2021-03-09,-809.3012693995215,5.623317977397551e-15,282.86890769678416
2021-03-10,126.04324681603367,1.9833141375553704e-14,365.5262652197564
2021-03-11,58.60184248858681,3.563658469607355e-14,339.49480553827465
2021-03-12,-376.8303260536589,8.228918549867058e-16,313.7062832231066
2021-03-15,-8.871491915676986,7.530336159262426e-16,312.9696419414801
2021-03-16,-302.5688863162629,3.6540491661989796e-17,288.73061423637176
2021-03-17,88.63122557771398,8.865330046211443e-17,283.04656075349516
2021-03-18,146.17360162787222,3.8240080196391095e-16,262.64729512402266
2021-03-19,389.05488428771207,1.8713830365886955e-14,246.7240028287824
2021-03-22,-158.2812843188274,3.84375594434487e-15,258.8014564002509
2021-03-23,-164.6225242429458,7.409847432073825e-16,244.00155994628204
2021-03-24,-96.99559747206241,2.8090711438528353e-16,231.11967596160682
2021-03-25,472.0188594049164,3.151480312646429e-14,215.5102631361315
2021-03-26,-312.4236527266671,1.385721369844846e-15,248.71299293130176
2021-03-29,-392.6255682984589,2.7322770661549654e-17,249.88053906462224
2021-03-30,-40.87914363653685,1.8154691430547593e-17,261.8964011224878
2021-03-31,6.70466532782808,1.941363514293567e-17,242.00904243688922
2021-04-01,-300.6284371229166,9.604928799887158e-19,223.35535673395626
2021-04-02,249.06470847874235,1.1592268591495835e-17,227.02911442188793
2021-04-05,429.8131736430382,8.527531469095376e-16,223.8620308959712
2021-04-06,180.2258769367345,5.1705217489346914e-15,247.32774605581258
2021-04-07,211.4818105647572,4.285368794059978e-14,235.25198946120037
2021-04-08,-164.1467697215389,8.300568533067536e-15,227.18809252161435
2021-04-09,-5.1233278141542185,7.886013381131015e-15,216.02472353198317
2021-04-12,132.39504045695466,2.963752031512301e-14,199.42242564290112
2021-04-13,99.4340383523093,8.010846431728988e-14,188.82995775475757
2021-04-14,266.151303358809,1.1469878841039122e-12,177.19185309183615
2021-04-15,-168.87051949145072,2.1191587058353389e-13,184.04092346475633
2021-04-16,-273.85875658368064,1.370282194766937e-14,178.16320472709145
2021-04-19,-430.86579279822564,1.8432474937875092e-16,185.95878641943577
2021-04-20,-41.732216673057074,1.214347373691203e-16,219.22158390533832
2021-04-21,359.6284468189945,4.427814700203609e-15,202.7894109989848
2021-04-22,433.4143927799359,3.376635867894133e-13,219.06226376868779
2021-04-23,9.515951046158037,3.7137398657834464e-13,244.2843377771544
2021-04-26,-277.3158413167569,2.319765490251423e-14,225.46101073837738
2021-04-27,210.5106831975484,1.9040588371617133e-13,225.8277548115315
2021-04-28,562.5824999209623,5.2837847570711344e-11,218.8148152908401
2021-04-29,527.9551342930422,1.0371107426678922e-08,269.16136759178823
2021-04-30,406.0234900524579,6.013990605516159e-07,299.2562913556504
2021-05-03,-199.02685061555505,8.218642991940199e-08,304.47772689637753
2021-05-04,-331.6646407697211,2.98125333585227e-09,287.85734657323223
2021-05-05,159.56012205002713,1.4701433633214064e-08,285.5393450532614
2021-05-06,-249.5650615928783,1.212027284272264e-09,268.2326475138524
2021-05-07,-518.3590603564314,6.796848674791269e-12,259.77819810413786
2021-05-10,103.9831118350021,1.9226512635319912e-11,290.3990649503852
2021-05-11,63.74068004335075,3.636828098973446e-11,269.9317008803123
2021-05-12,243.0231462767079,4.131986442485961e-10,249.8798553272282
2021-05-13,-401.7539601828589,7.436414824741785e-12,243.06372774691422
2021-05-14,79.54196982787161,1.6474414689884542e-11,257.79566295140256
2021-05-17,55.84921279993357,2.879784853159658e-11,239.21226088451232
2021-05-18,-154.61316557191228,6.13597521553941e-12,221.4747013789503
2021-05-19,147.58519657959076,2.6843427111349702e-11,210.19969063982393
2021-05-20,-95.09331628120978,1.0371771405461417e-11,199.58572714064417
2021-05-21,138.82721275130936,4.156921857866907e-11,186.7178807363037
2021-05-24,189.71049002410052,2.7712394350998955e-10,177.9363128725775
2021-05-25,-119.4198219663236,8.39537990265678e-11,174.96039187599877
2021-05-26,313.13887315678323,1.923026195134474e-09,165.96860336955132
2021-05-27,166.4340227477186,1.0157784080055924e-08,182.53584879952632
2021-05-28,42.35493025671791,1.5514725707661476e-08,176.6110530946968
2021-05-31,-493.1034625606195,1.1200127688051355e-10,163.6830427247743
2021-06-01,-247.15245176856752,9.459180527042902e-12,217.22895797572997
2021-06-02,-14.901882816649358,8.149584351178275e-12,215.21754249423915
2021-06-03,-88.60885677018743,3.3597896182372508e-12,198.728479636963
2021-06-04,100.13925384060556,9.145581777297032e-12,185.6184534894307
2021-06-07,77.01193012665442,1.9754675511068514e-11,174.32402516696334
2021-06-08,6.457716623648017,2.1072468210356228e-11,162.86073690743734
2021-06-09,49.8018708137982,3.4673859427668914e-11,150.49666738013713
2021-06-10,-242.59936793274775,3.0648308893867187e-12,139.9995803290278
2021-06-11,-20.910304446779822,2.4865329450354982e-12,150.4837049337741
2021-06-14,-214.6711094441214,2.9059586829352573e-13,139.2561227243227
2021-06-15,65.65303733706938,5.602952665983625e-13,145.57402268872312
2021-06-16,-146.55546638397627,1.2940011136838713e-13,136.17657214318697
2021-06-17,397.7361800172195,6.906864443179239e-12,134.20246068262233
2021-06-18,-286.171043978302,3.9487158197106826e-13,176.71491808771884
2021-06-21,378.2211157128201,1.7340008841692886e-11,186.63687892455746
2021-06-22,-151.7773940029478,3.8009177138673774e-12,209.79382051337922
2021-06-23,441.72228215763994,3.149662098646257e-10,199.5371338618268
2021-06-24,92.8588890770566,7.971590769738751e-10,231.2026493723181
2021-06-25,-28.78095282614356,5.97793110669705e-10,215.4036736996951
2021-06-28,-49.81740749806465,3.632424981944495e-10,199.05216796454158
2021-06-29,-72.95765579312372,1.7512396461867056e-10,184.46321623743657
2021-06-30,100.86953618219474,4.80193647203842e-10,171.91555594780593
2021-07-01,-122.3958396314058,1.4120758728179976e-10,161.98512571615277
2021-07-02,-34.53430083367254,9.997179033777917e-11,154.60070493433668
2021-07-05,-77.07526353572568,4.625342032568767e-11,143.30189483978154
2021-07-06,-122.9931938650632,1.3520451642419329e-11,134.7188840878709
2021-07-07,-119.15623836368394,4.106787496791456e-12,130.53556467151745
2021-07-08,-252.08290196726196,3.30156687121717e-13,126.50464225313407
2021-07-09,16.70667219637313,3.9019010660779857e-13,141.62446745276057
2021-07-12,130.2667003799195,1.4355467656707449e-12,131.06020602636806
2021-07-13,-238.1511844545612,1.3265996926982255e-13,128.0515610444094
2021-07-14,-21.459497887739357,1.0703910698976312e-13,140.38953169212664
2021-07-15,86.84680860437109,2.551017128669946e-13,129.9957250158013
2021-07-16,11.698458708385512,2.867603721334946e-13,123.36244185530165
2021-07-19,-82.5768245142986,1.2557192243585773e-13,114.2332422941871
2021-07-20,-117.51687269444704,3.8772450455076586e-14,108.96670038581793
2021-07-21,142.85216790277326,1.6177906912895132e-13,107.58114175270221
2021-07-22,93.96799150088239,4.140188684075905e-13,109.44551584758952
2021-07-23,69.44216238000269,8.290936966489074e-13,105.66253423491325
2021-07-26,51.45946263613028,1.3870407485739107e-12,100.35988671478087
2021-07-27,78.23539979276283,3.0329220196938144e-12,94.47803163525916
2021-07-28,439.94364354899824,2.468949526492582e-10,91.10028249404837
2021-07-29,-94.2598577016077,9.619374898853296e-11,162.81711580739264
2021-07-30,-162.48914560922265,1.8943728372217732e-11,153.36718455150356
2021-08-02,164.50975429934067,9.815721845296419e-11,150.7764621774507
2021-08-03,-47.297964915904004,6.116595928724006e-11,148.76107098531838
2021-08-04,225.86325115761073,5.853578242055337e-10,138.32601907491122
2021-08-05,319.12694136976256,1.423548029038265e-08,146.5107342227674
2021-08-06,-171.60477350626508,2.5591872438251713e-09,168.90762690572092
2021-08-09,79.74923353593084,5.6813112533973305e-09,165.2124035655239
2021-08-10,-54.239405116953044,3.302857521507388e-09,154.71542125163137
2021-08-11,-221.70561717933563,3.597779791380871e-10,144.0157062401646
2021-08-12,41.07159906768067,5.425081494110748e-10,150.4818366653012
2021-08-13,-212.4926916607163,6.47980940845698e-11,139.70237405368476
2021-08-16,-89.77266002044544,2.6404899774392994e-11,145.61783791734425
2021-08-17,6.899973149657128,2.829115812094368e-11,137.5855536038515
2021-08-18,40.246152062038675,4.230946595940221e-11,127.2598830714265
2021-08-19,-43.9409475447776,2.7264932893753125e-11,118.43897770172727
2021-08-20,18.885749558497476,3.293246214669441e-11,110.52919709420222
2021-08-23,15.48216710339071,3.8446994780185383e-11,102.56639338684126
2021-08-24,44.48678394861173,5.998822981451753e-11,95.2147837488925
2021-08-25,-32.54254566812801,4.332470023264582e-11,89.46442970424143
2021-08-26,-132.30632704419506,1.153815819009116e-11,83.72098472196562
2021-08-27,-129.66562889426442,3.1550468873120072e-12,88.36469435235891
2021-08-30,171.47949647206738,1.752797755684578e-11,91.75177850288489
2021-08-31,29.286418961709593,2.349206046453634e-11,100.9759986368417
2021-09-01,585.520172010586,8.199793349038469e-09,94.08771911977362
2021-09-02,172.2635021744016,4.591280133455648e-08,204.71446270089913
2021-09-03,88.10538490041412,1.108078725144979e-07,196.69590989956845
2021-09-06,389.95784504216044,5.471873130323111e-06,183.74478145074292
2021-09-07,26.4145937679407,7.126120183135977e-06,209.77257946361019
2021-09-08,76.67594589064464,1.5340960244259807e-05,193.83918052598833
2021-09-09,105.68224623880884,4.413922547995742e-05,180.6253132558147
2021-09-10,245.69826474378024,0.0005150847762609431,170.14273989052555
2021-09-13,-112.80877480702492,0.00016670799568856864,175.33691247608775
2021-09-14,85.31928726985633,0.0003912851686912988,165.84378165157827
2021-09-15,176.61323689387643,0.0022883103705918714,155.58429870538203
2021-09-16,-91.90519432202213,0.0009128002309514203,154.25539357737853
2021-09-17,-103.37987442937748,0.00032464046462212003,145.4997386763702
2021-09-20,-78.84933173404865,0.00014755854170114387,138.43188832549242
2021-09-21,2.1389607534725865,0.00015074875810479704,130.4246957483435
2021-09-22,-4.196722439003113,0.00014455316634607955,120.66262299155139
2021-09-23,641.6279276139436,0.0884264709743378,111.70187799246743
2021-09-24,803.694600921813,273.5165413983312,227.75941882698038
2021-09-27,660.1717732802551,201406.3591043484,329.8267743677437
2021-09-28,-1820.0363339622247,0.0025104744837482038,368.9858031821219
2021-09-29,812.269071152853,8.46049096121371,668.641286641595
2021-09-30,-988.4675122317636,0.00043105799526082833,667.9050075172519
2021-10-01,513.3218762965599,0.07309106465953172,690.644146055255
2021-10-04,1362.6870085371413,60525.55376922851,657.184046425958
2021-10-05,-309.4482873809892,2741.712645950095,743.5716700956718
2021-10-06,1026.8651179766973,79002435.34840252,692.560342887058
2021-10-07,-108.0276053594115,26821468.374559913,716.4070430353077
2021-10-08,122.22757507559055,91056334.58478162,661.4530897697682
2021-10-11,-203.24737873262873,11929383.866157256,611.1351073878534
2021-10-12,911.8900666236556,108869506426.30928,567.1808805450313
2021-10-13,683.5539867563765,101284619127854.47,597.2389621651881
2021-10-14,886.4386371473632,7.166342919069423e+17,591.6205088737053
2021-10-15,-422.5186591875069,1.0479060893457366e+16,613.3432548620324
2021-10-18,-168.87186224451705,1936070576569693.8,581.1313601744447
2021-10-19,392.0640432303602,9.764133082356994e+16,538.5242610108324
2021-10-20,-112.11876463481347,3.1820579322595064e+16,511.83839651015586
2021-10-21,-308.81452834137536,1450586482827021.8,473.3273964805947
2021-10-22,504.0184224888381,2.2411339926176976e+17,447.2914507473891
2021-10-25,-339.1966482942409,7539724836471897.0,442.22466309078925
2021-10-26,373.23972327903857,3.1500323868350445e+17,421.70332150731565
2021-10-27,605.8211246899821,1.3469849201622434e+20,406.4350215816772
2021-10-28,104.42906011331041,3.82729888861004e+20,420.966668828955
2021-10-29,-479.00109590912956,3.1813910245995295e+18,389.64283476643067
2021-11-01,-398.98039908547827,5.886636167294705e+16,389.99040099765494
2021-11-02,-181.01723811571938,9632063077004682.0,381.17866129310767
2021-11-03,-276.54123620176483,606339678251866.0,356.2012354006217
2021-11-04,193.78335699539545,4210235755989021.0,339.99254053256783
2021-11-05,49.27991281411182,6891699891975875.0,319.54794228716577
2021-11-08,161.5828673937298,3.46794206872213e+16,295.1899478093117
2021-11-09,82.80978485618571,7.937982921086203e+16,277.0874262719846
2021-11-10,225.31277527490366,7.554941576279153e+17,256.99527539454965
2021-11-11,-800.3577644131061,252534957180997.38,247.62102194494773
2021-11-12,-245.39380080807857,21706498273666.07,340.9926685991001
2021-11-15,247.47163419049264,257837106982077.62,323.9697698552889
2021-11-16,-244.65169584658096,22327320402699.504,308.92907112469493
2021-11-17,-50.0245426575581,13538881164438.053,295.3083821467528
2021-11-18,151.48083034832905,61582265765937.39,272.90333447582225
2021-11-19,-108.2439122729115,20862114547239.613,256.31901932771405
2021-11-22,-629.0280189614389,38683374270.62684,238.98995412604162
2021-11-23,-324.6025986889834,1505889743.8293006,297.0124463907996
2021-11-24,-80.85909306526096,670851810.4400617,292.61001182795263
2021-11-25,593.0488346850603,252467198065.96136,271.16663781113454
2021-11-26,107.9334261689155,742940227012.9742,312.6856819150128
2021-11-29,159.55492469531393,3663465514424.832,290.46763635887936
2021-11-30,208.64495134427966,29513833178152.68,272.6930655619606
2021-12-01,43.57525456884691,45632109317359.03,260.11642273583664
2021-12-02,-198.2356883103985,6285558731619.246,240.41911457167706
2021-12-03,210.19568623140339,51429482608653.195,230.56644783164904
2021-12-06,-214.2972941916861,6032965360139.107,222.94612911391377
2021-12-07,72.34920668220511,12437681863062.172,216.6600171781449
2021-12-08,37.12006068343296,18028094224300.117,201.30516475700114
2021-12-09,-119.98039311243333,5431022382233.62,186.23370759527137
2021-12-10,248.5222974988127,65192887478672.44,176.1251664048051
2021-12-13,-25.24747580104168,50646778080050.74,180.6748359356141
2021-12-14,-341.81758806205613,1659804354355.7295,167.06474910267377
2021-12-15,-147.61176765359437,379303751429.0829,188.43556507380603
2021-12-16,-257.93615020411903,28759721148.78819,180.16850793622
2021-12-17,-401.3204125260954,519843076.8412689,185.32321312340068
2021-12-20,234.4300892365252,5419874195.988841,213.06993376597205
2021-12-21,332.39875638422694,150514611815.65674,210.20162665337506
2021-12-22,66.30414217236951,292101571584.67957,220.69415170127235
2021-12-23,57.65746813192256,519920684947.7905,204.79171426792138
2021-12-24,-110.91264751026952,171494259868.69916,189.95035578017016
2021-12-27,57.03525612513523,303354581455.4902,178.88300240558064
2021-12-28,-128.0512208076961,84300698349.07301,166.2063816804749
2021-12-29,25.642740842363636,108942209928.5974,158.80991351188524
2021-12-30,291.77808095838304,2015451194285.22,146.9804590787342
2021-12-31,233.16032838644406,20747927703045.85,164.2443664212621
2022-01-03,91.00330266070767,51546246683239.52,168.71915714962833
2022-01-04,-59.946141227553795,28304420285558.754,158.50675380060142
2022-01-05,2.9994194629133,29166248892796.797,147.69931054392632
2022-01-06,95.83905684680565,76050892123453.6,136.54201930757415
2022-01-07,-18.451392542319958,63236952640331.38,129.86792160818615
2022-01-10,-89.25423414034043,25902681147565.926,120.29077642147199
2022-01-11,51.938383747799186,43542188559593.37,114.87393999278666
2022-01-12,-254.98916433738606,3400215039938.7637,107.64004062931119
2022-01-13,66.06158734121125,6582762895072.403,128.2589918392689
2022-01-14,79.68403874174436,14603992313903.45,120.49575499446381
2022-01-17,-150.69708582384567,3235954955380.461,114.35163981750568
2022-01-18,127.65337804222796,11598292159875.094,116.1284378056883
2022-01-19,29.948541345131495,15648002501100.64,114.85852362654838
2022-01-20,1.0974869728539485,15820683130522.162,106.78623457679328
2022-01-21,-73.13515511178859,7613831989639.073,98.95921057987472
2022-01-24,-267.8276965901868,522928584390.4804,94.65126330971884
2022-01-25,-189.99951220649237,78214087841.64348,122.01721151250501
2022-01-26,-76.40159051121323,36431503374.022675,127.92556970115389
2022-01-27,71.17597216578127,74231871968.35077,120.80533506068502
2022-01-28,143.90358754779805,313008227074.3394,114.0677059190292
2022-01-31,-172.72549351793725,55644015825.188065,115.02412596711302
2022-02-01,63.14658903936217,104631058086.53812,119.70537470149382
2022-02-02,47.05393487762984,167499401607.77136,112.59981968587647
2022-02-03,143.1998485073571,701329811703.376,105.34855842888848
2022-02-04,-48.691855501660804,430979148173.1903,107.62987786781694
2022-02-07,-51.885210204086896,256520249466.65656,100.91408076965511
2022-02-08,97.30493115787174,678752746984.5182,95.0016391792217
2022-02-09,641.3481105046844,414048345851871.75,93.37204984625748
2022-02-10,-159.8818595497942,83693737083348.8,220.55232627068588
2022-02-11,-24.41108857194697,65565737362989.63,209.76904021139399
2022-02-14,608.4158961947371,2.87735610433271e+16,193.8096561605091
2022-02-15,-179.549273031845,4777723681692154.0,262.76385914379676
2022-02-16,163.7486889408297,2.4568155322494596e+16,249.02191262205486
2022-02-17,515.4916874185307,4.2572043988964746e+18,235.56631621273542
2022-02-18,-707.4303268879146,3604073417201365.5,271.7368836092978
2022-02-21,-121.48592840065876,1069515162434922.1,336.02166681140267
2022-02-22,-75.86678577548679,500843084678602.75,312.32972891103935
2022-02-23,-410.46213910685526,8262039391233.865,289.12446722093097
2022-02-24,473.1950316860335,937879779158451.1,296.65119362297645
2022-02-25,-307.3344865184596,43392078803462.945,311.9182503116494
2022-02-28,-25.931360364876504,33480504183435.164,303.71778727334225
2022-03-01,214.37735027453152,285641294184836.94,280.31243944092137
2022-03-02,12.287773463649996,322987796938270.56,267.3659832151336
2022-03-03,-35.891761581062624,225584977051188.8,246.73261351344541
2022-03-04,454.54127952726316,2.1249947878946492e+16,227.97863285939349
2022-03-07,514.3685871058058,3.641097090360263e+18,254.83111262913044
2022-03-08,323.2781219294722,9.230204100389729e+19,285.9293022922848
2022-03-09,-261.30443322205593,6.766756828921663e+18,282.91890257594054
2022-03-10,-190.25275821837894,1.009539553800043e+18,273.79671346038526
2022-03-11,220.23515340649658,9.13255839298915e+18,259.6912695055846
2022-03-14,-325.4639040134151,3.524688016899053e+17,249.54753939561724
2022-03-15,-440.6513795942748,4299283223297671.0,252.2410623534785
2022-03-16,-325.60778507335584,165691188368703.53,271.2915117368464
2022-03-17,522.2513749239968,3.071908783768285e+16,270.6681818378947
2022-03-18,91.32850626527673,7.65672376019806e+16,299.4106291057774
2022-03-21,-51.65472240485421,4.567824081993673e+16,277.7297350014118
2022-03-22,34.042683269383346,6.420293244415055e+16,256.7694605731638
2022-03-23,335.03226267452465,1.8305495715958108e+18,237.18529239604308
2022-03-24,-335.39178670135834,6.397252191487418e+16,243.1933288413318
2022-03-25,-83.34716038069286,2.779849944045311e+16,248.23438716797855
2022-03-28,245.85575999372784,3.2490721271056915e+17,230.59041446060823
2022-03-29,89.09599778228015,7.919510782638769e+17,226.5847608008031
2022-03-30,1003.3928558755217,1.8045883915081964e+22,211.02929994473655
2022-03-31,595.3695081118223,6.950804602117958e+24,372.3346383860818
2022-04-01,90.96756575810689,1.7262440648354651e+25,391.64346747994085
2022-04-04,138.78953246784107,6.916039728447898e+25,362.35952392444483
2022-04-05,565.6825789521423,1.979637649724873e+28,337.0979298723176
2022-04-06,790.8294173265058,5.384113736639879e+31,358.73310439457117
2022-04-07,-815.6371696522882,1.544710168443845e+28,414.7615470257331
2022-04-08,211.17918326469896,1.2763992644653371e+29,461.356119510018
2022-04-11,628.9703381886686,6.879708178040593e+31,430.67587975457286
2022-04-12,1.305804853630944,6.970132841290593e+31,444.2069619266855
2022-04-13,51.53644171519319,1.166973456248493e+32,409.6608619128108
2022-04-14,-279.67052428717477,7.119792280232965e+30,378.17234033987904
2022-04-15,-174.61817876307956,1.2419674348536467e+30,359.8384795487087
2022-04-18,457.29068656246943,1.2025369412252241e+32,336.4674166911128
2022-04-19,239.38872818797304,1.3174995129622856e+33,342.40363800965923
2022-04-20,-202.8354156389518,1.7331950733619707e+32,324.7844053249136
2022-04-21,-16.33709030490224,1.4719612059718764e+32,306.3925489215783
2022-04-22,88.6386327655151,3.571486847486099e+32,282.7041297565806
2022-04-25,327.9693418277951,9.488592790847273e+33,262.33387496864697
2022-04-26,-47.99483514140444,5.87168688708125e+33,263.34880212477054
2022-04-27,-67.29483668022166,2.995746951715198e+33,243.47495407843059
2022-04-28,-391.3008653582248,5.985591307943176e+31,225.70091886909006
2022-04-29,60.30949900761482,1.094026612455332e+32,242.30436600401654
2022-05-02,-306.53008713159807,5.102519024715439e+30,224.4290945576622
2022-05-03,469.47200739765276,5.580532668779994e+32,228.71210099832234
2022-05-04,532.654035285763,1.1480551147022765e+35,258.07603132527623
2022-05-05,-201.80247534777985,1.5259690419270095e+34,291.6929625197271
2022-05-06,-179.50410387439285,2.5349494596782783e+33,276.5763739578162
2022-05-09,-346.9442791612062,7.892406496211195e+31,261.4239647922137
2022-05-10,239.37836873111152,8.646025093162372e+32,265.0059419084738
2022-05-11,-309.43303130542057,3.917111298369613e+31,255.97680988990894
2022-05-12,25.635556191093873,5.0617386468529255e+31,255.67633486008933
2022-05-13,-204.9107939778461,6.52203982492878e+30,236.0731838868784
2022-05-16,302.69179859434865,1.3457278021576442e+32,227.30994099857983
2022-05-17,-121.2019258627453,4.0048287394286966e+31,230.61129716232324
2022-05-18,133.74110538896971,1.5255069465880918e+32,216.2714162929068
2022-05-19,-268.12871764973704,1.0445902416927793e+31,204.07350393082675
2022-05-20,94.99563254960042,2.70088911540367e+31,206.6117050858049
2022-05-23,-2.537178683493652,2.633224745237027e+31,193.0998555075688
2022-05-24,47.37498208119596,4.228972495901157e+31,178.3117068368046
2022-05-25,293.6744647335667,7.973460658181453e+32,165.37909169092606
2022-05-26,175.568174666985,4.6145541887359014e+33,178.80765223248434
2022-05-27,-15.098448407143488,3.967875364315873e+33,174.23767795155214
2022-05-30,-386.18635577943246,8.343955686985706e+31,161.02095972166728
2022-05-31,205.7285714974696,6.528897082203175e+32,192.49045999283604
2022-06-01,175.68956958528165,3.783118357201668e+33,189.28051966077894
2022-06-02,-366.84922058675073,9.65259326989581e+31,183.41136916969594
2022-06-03,252.62330349667727,1.207182896979495e+33,205.30856254454602
2022-06-06,-56.51916220323947,6.859831864029733e+32,205.69569349636132
2022-06-07,-88.14760755287517,2.8411441941252706e+32,190.74473031809364
2022-06-08,207.95289605531266,2.273114059684776e+33,178.33401076136178
2022-06-09,-0.2823420002683424,2.266705155751547e+33,177.36123359651523
2022-06-10,80.05035908244838,5.0471861737113656e+33,163.8244916889612
2022-06-13,247.08770847455276,5.972244897316859e+34,153.47149723807814
2022-06-14,117.18780519021314,1.927870151922572e+35,161.94353634135376
2022-06-15,-79.17480025863087,8.734257488026891e+34,154.1594978808046
2022-06-16,224.23027199132187,8.223291565371358e+35,144.66251438583507
2022-06-17,126.65237599384092,2.9180314547596855e+36,151.3805737071219
2022-06-20,226.00986491646466,2.7966514359589096e+37,145.54294492005198
2022-06-21,104.36777531416843,7.941487012663683e+37,152.35938565627308
2022-06-22,229.6040362318568,7.889681829405284e+38,144.63968435504233
2022-06-23,-13.335508210936132,6.904688862668838e+38,152.16551479285087
2022-06-24,179.8602149600133,4.17125847454454e+39,140.70883371797137
2022-06-27,16.186666717533715,4.904163066981688e+39,142.0003492808281
2022-06-28,65.32971174298801,9.425149236710626e+39,131.39895408426224
2022-06-29,-250.03695212491402,7.733775298872407e+38,123.29894357988043
2022-06-30,105.20701608903566,2.2146230468017487e+39,138.83113054181692
2022-07-01,-49.3370001430408,1.3521720231075826e+39,132.6266263230239
2022-07-04,35.13920161400867,1.9214963312270496e+39,123.67199629125587
2022-07-05,-439.82349113285295,2.3632540317778e+37,114.99575912037687
2022-07-06,-154.7547015381913,5.0282779717994266e+36,175.17103430233567
2022-07-07,-90.33314876580309,2.037545885371477e+36,169.0475061471923
2022-07-08,321.58244746614275,5.078345238000874e+37,158.76557627833478
2022-07-11,265.63102837086524,7.233410635010475e+38,178.51347016730818
2022-07-12,-343.4855526158086,2.331333043203325e+37,185.0486003725362
2022-07-13,111.13194177545054,7.083439843222248e+37,202.49634394338622
2022-07-14,135.79173910867095,2.7541033900355367e+38,190.23428913355934
2022-07-15,-192.85478952467477,4.0033405060946683e+37,180.84430234000678
2022-07-18,-219.13028768385055,4.474574911069265e+36,177.8152395599935
2022-07-19,55.43519071739568,7.789395539443803e+36,178.2619667928409
2022-07-20,-123.17056548554348,2.2729024056648025e+36,165.583922894439
2022-07-21,365.6405331002663,8.801109962232932e+37,157.86839143143143
2022-07-22,-241.09855861214564,7.896955871365494e+36,186.15414205910164
2022-07-25,11.605685173733505,8.868753035647877e+36,188.06438102783204
2022-07-26,320.9736868829375,2.1970177818228805e+38,173.71369805662863
2022-07-27,-8.329824281670966,2.0214248706059507e+38,189.87467531441814
2022-07-28,-67.38737947930134,1.0303812191483108e+38,175.36097648607202
2022-07-29,330.54805485702974,2.8089880811510756e+39,163.3794881689104
2022-08-01,268.3299175221923,4.1104741517679624e+40,183.61680271195624
2022-08-02,-144.43542974373756,9.696540600787387e+39,189.62582937507196
2022-08-03,150.93529833644666,4.386523821341247e+40,180.9707745128537
2022-08-04,-21.29864444215234,3.5450442020624517e+40,173.82751356447008
2022-08-05,-78.29606098370805,1.6202654906208802e+40,160.71392916207498
2022-08-08,7.960200460626889,1.7545142246337315e+40,150.55779385093962
2022-08-09,-2.203824741252567,1.7162707633351525e+40,139.18993632806237
2022-08-10,-159.93354111053793,3.4673945368693855e+39,128.71770780707513
2022-08-11,-11.509458429685559,3.090425778159463e+39,129.38657123077743
2022-08-12,118.71631981268962,1.012970373797707e+40,119.76225973136509
2022-08-15,-374.84363617255866,2.3860059159068465e+38,117.05086709014756
2022-08-16,-78.9484401054034,1.0834348403222768e+38,160.6130281810247
2022-08-17,438.1664316064782,8.664338902585035e+39,150.50032796563764
2022-08-18,-244.7726114642355,7.493789444744774e+38,196.34606843218242
2022-08-19,-38.80073299693179,5.083841992594744e+38,197.13035010561194
2022-08-22,79.61000423194601,1.1270259075078173e+39,182.43318881430778
2022-08-23,43.99140561161935,1.749790871750841e+39,170.3624471566266
2022-08-24,-68.40427604659077,8.828972220006024e+38,157.99804830371744
2022-08-25,310.1170004427869,1.9621453282942683e+40,147.60349005278323
2022-08-26,112.96601377868447,6.072063923919249e+40,168.03579121949264
2022-08-29,-256.5198452911224,4.669655068301033e+39,159.30083203816412
2022-08-30,281.4329346356434,7.789911204283731e+40,168.07880570631687
2022-08-31,-86.16133499393453,3.2910810953109663e+40,178.9786631369102
2022-09-01,-40.622561446007325,2.192386105815512e+40,167.54323365725023
2022-09-02,26.618808847297636,2.861021088918974e+40,155.32270961621236
2022-09-05,-167.23542629943026,5.3731235990359485e+39,143.79578784717162
2022-09-06,40.60289475491087,8.064231048451107e+39,143.08184054294134
2022-09-07,183.81395371701083,5.06823589290108e+40,132.91505044738224
2022-09-08,29.312973124739898,6.794561672633253e+40,135.99708084449307
2022-09-09,-5.1350431073168545,6.454464791740087e+40,126.12236176757561
2022-09-12,411.6698110284833,3.960221790528533e+42,116.71957626691392
2022-09-13,140.30095341290132,1.610789566152574e+43,169.19557882096524
2022-09-14,164.0233881102193,8.305835612894805e+43,162.48540876501542
2022-09-15,69.71018568797278,1.6677495078847244e+44,158.84473248118613
2022-09-16,66.79218247577668,3.2524122190825855e+44,148.43467479107372
2022-09-19,130.01334254181847,1.1935657731091277e+45,138.83099200924048
2022-09-20,-161.43968221910063,2.3753232785673883e+44,134.80832546552512
2022-09-21,-21.867790021100127,1.9087634906218e+44,134.73518108532946
2022-09-22,82.79557877313273,4.368463882611544e+44,124.8132753068468
2022-09-23,-48.02480158057921,2.7024625617115163e+44,118.43610693254453
2022-09-26,179.69058305667062,1.6298437556620565e+45,110.6963543583164
2022-09-27,-24.860238762207963,1.2710988558346246e+45,117.2369438441368
2022-09-28,-129.84812022192258,3.4694138415797204e+44,108.83303266360676
2022-09-29,-8.813661448950306,3.176719445729992e+44,108.8760216092631
2022-09-30,129.4164933103681,1.1588508685684177e+45,100.91411165964495
2022-10-03,-86.34763563848763,4.886799646373935e+44,102.13213067552371
2022-10-04,126.55238714044404,1.732345721702891e+45,98.54906248620337
2022-10-05,1.1007144066484598,1.7515192298340708e+45,99.78316856297788
2022-10-06,-142.37971124994257,4.217622257471582e+44,92.53809905340616
2022-10-07,-86.12438401508933,1.7825192683917733e+44,96.98455045787968
2022-10-10,29.928076715964956,2.4044193746890634e+44,94.00448673115191
2022-10-11,12.436945485119665,2.722846675792189e+44,87.75469203604379
2022-10-12,-468.6120877360616,2.511115843809514e+42,81.6163025350312
2022-10-13,-253.16918647175757,1.9969488524644405e+41,166.49854831439615
2022-10-14,170.26920597164136,1.0960660032346575e+42,173.41558551658
2022-10-17,0.7932145169691244,1.1047947308885249e+42,169.00053477806173
2022-10-18,-55.66352810188828,6.331957093044815e+41,156.1315681113439
2022-10-19,96.01111467097061,1.6538988161733535e+42,145.3628199122668
2022-10-20,5.022644132132757,1.7390897789778962e+42,137.77739442650022
2022-10-21,83.4167420946118,4.004942733914154e+42,127.42739716450266
2022-10-24,-86.07424281747903,1.6934821511450784e+42,120.82183412806566
2022-10-25,261.34714350720554,2.3109835096431505e+43,115.10476006412406
2022-10-26,-61.776451151038145,1.2459629492425863e+43,134.8776218019291
2022-10-27,-142.51606095275056,2.9961650900634875e+42,126.27276002837763
2022-10-28,25.142630999737776,3.852643274883761e+42,125.2364611419351
2022-10-31,35.329343521879586,5.485196471382628e+42,116.16695187879816
2022-11-01,-21.791663139883948,4.411153771568818e+42,108.14510092398109
2022-11-02,77.20875219846803,9.546969778212224e+42,100.44175468409324
2022-11-03,-8.549517528068181,8.764667898491294e+42,96.28802268725366
2022-11-04,-89.6904873876075,3.574494452558386e+42,89.37552931907138
2022-11-07,0.09571239286621246,3.5779173245268114e+42,87.7167361892086
2022-11-08,-48.162084315497786,2.2103702491472507e+42,81.48676489234525
2022-11-09,-20.18226095344281,1.806402729654156e+42,77.30483530341817
2022-11-10,141.43553496107705,7.431240292324151e+42,72.25208850140322
2022-11-11,-46.755643606541675,4.655905151867645e+42,80.85611111020008
2022-11-14,-70.64558895503407,2.2971757864929616e+42,76.6528741743678
2022-11-15,-237.8744670454493,2.128720025396479e+41,74.78899367683125
2022-11-16,-34.48854944689176,1.5077754875690101e+41,102.5319986449586
2022-11-17,-91.76317822505482,6.023019359527537e+40,95.6809026844197
2022-11-18,-57.032041201384956,3.4050794624167526e+40,93.40052438571158
2022-11-21,79.62126809037612,7.549497141084208e+40,88.54588999245908
2022-11-22,89.13963165785349,1.8409692160613787e+41,86.01321452314824
2022-11-23,-10.146809066535152,1.6633341134979222e+41,84.75328610103641
2022-11-24,-8.676728723717837,1.5250951520424785e+41,78.84127949626885
2022-11-25,20.68890389625146,1.8756323236638424e+41,73.42400024414337
2022-11-28,-83.6336898228627,8.127017756309365e+40,68.74026705299453
2022-11-29,-231.4469913751885,8.0310013063116e+39,69.39668633788024
2022-11-30,58.36192326121934,1.4395684130181644e+40,97.72556495175186
2022-12-01,-373.98102916881066,3.420214436305724e+38,92.51137523052535
2022-12-02,184.89547655799288,2.1729222538296094e+39,146.15328385911442
2022-12-05,86.70827342773002,5.1714631522141186e+39,147.2253332498968
2022-12-06,-50.96188121766283,3.106624740744018e+39,138.8374459792584
2022-12-07,231.54492309794966,3.1468469474032693e+40,129.39927464580813
2022-12-08,145.291841541714,1.3454577703871722e+41,140.33478392143422
2022-12-09,7.89866154811775,1.4560407257411546e+41,137.66170768733238
2022-12-12,141.89503751100517,6.01749641835106e+41,127.3356697249786
2022-12-13,34.005196111520135,8.454706398747134e+41,126.07790065545773
2022-12-14,111.2611940210765,2.5721705226322076e+42,117.16196829557211
2022-12-15,-66.11603561600761,1.3278880497865561e+42,114.04294420155203
2022-12-16,-27.95012448444561,1.0040968721265164e+42,107.666416167681
2022-12-19,-153.6723246609763,2.159659022283897e+41,100.15672489005938
2022-12-20,149.9493144886951,9.674015668673919e+41,104.82453170068746
2022-12-21,51.94390661146263,1.626283690303517e+42,108.11306475579686
2022-12-22,-19.477788259941132,1.3384598464200777e+42,101.51347939393807
2022-12-23,79.48596809662644,2.963524488419631e+42,94.32484798510875
2022-12-26,-131.09981449756285,7.988206077244803e+41,91.07360933732441
2022-12-27,11.964094578621895,9.00344389695984e+41,94.17514590484043
2022-12-28,26.952277943112684,1.1788564351228462e+42,87.48101706185696
2022-12-29,47.97811989627574,1.9047029120934905e+42,81.71677687526994
2022-12-30,4.174812972860891,1.985903897532358e+42,77.49952824584415
2023-01-02,-11.073269491375031,1.7777374843166712e+42,72.15949870193786
2023-01-03,161.6760545314075,8.954014909050431e+42,67.36620810688834
2023-01-04,13.232158974983147,1.0220787275523272e+43,81.06410892854966
2023-01-05,-17.372844242798568,8.590828427027936e+42,75.51946964880463
2023-01-06,32.68170641412754,1.1911594295747613e+43,70.55418714250536
2023-01-09,-44.6995818356421,7.618019425461614e+42,66.61845628842386
2023-01-10,112.25852920969137,2.3408558657658316e+43,63.81317397013622
2023-01-11,41.78645241668444,3.5550927085348157e+43,69.4370271134483
2023-01-12,8.917764824952807,3.8866934741120746e+43,66.1278034170036
2023-01-13,33.24537430178624,5.419548625376105e+43,61.845825081338425
2023-01-16,-136.6806855687166,1.381549474423708e+43,58.83617644986262
2023-01-17,-65.86868791092549,7.14993946853099e+42,70.07568972979789
2023-01-18,-157.03338752569326,1.4870139005341385e+42,68.61399530818444
2023-01-19,64.49768722591116,2.8341636582043906e+42,81.0410191144477
2023-01-20,-72.41327610195594,1.3738460284499363e+42,78.09286092845609
2023-01-23,6.675210688864371,1.4686832243458175e+42,76.2108190769153
2023-01-24,-15.638462621724383,1.2560622229502087e+42,71.00233409186096
2023-01-25,19.398580942701397,1.5249588358523958e+42,66.4047278500222
2023-01-26,103.57234940048453,4.296028154399371e+42,62.33602644514037
2023-01-27,-41.913611230012165,2.825131178863053e+42,66.90019671164994
2023-01-30,22.345644936592286,3.532519119020865e+42,63.87461117441654
2023-01-31,-96.75729025974746,1.3423721972424646e+42,60.14901366226789
2023-02-01,80.28595893744365,2.996059528127397e+42,64.12032119151493
2023-02-02,-76.53756339689168,1.3936445590850337e+42,65.10980549424235
2023-02-03,76.24033233924864,2.987167530140635e+42,65.4919355100052
2023-02-06,-26.217581085374864,2.2982542505416576e+42,65.78049408327355
2023-02-07,75.87801881111545,4.908311542690735e+42,62.022161743690205
2023-02-08,-44.72794977134112,3.1382035037512e+42,62.81308493559601
2023-02-09,-57.800271654134896,1.7605878995091654e+42,60.44600931684572
2023-02-10,-19.568194469722727,1.447685164350614e+42,59.49579124872236
2023-02-13,4.303945682693402,1.5113530348973215e+42,56.09882550771722
2023-02-14,21.50495475553204,1.8739618887633536e+42,52.69600444708751
2023-02-15,-1.6090584716510454,1.8440500411582255e+42,50.065805295511765
2023-02-16,136.90122444900422,7.249819025418387e+42,47.23193874722272
2023-02-17,-114.95217115769466,2.2966574768245512e+42,62.212717009562056
2023-02-20,8.130639244657571,2.491191692648571e+42,68.63861157862874
2023-02-21,12.266145541732335,2.816296271554645e+42,64.11849092873493
2023-02-22,4.554712581266631,2.9475365940704196e+42,60.079527126772724
2023-02-23,-46.53955868364159,1.8507189436870745e+42,56.30445527202907
2023-02-24,-67.72103680102971,9.402248913617773e+41,54.874912147581114
2023-02-27,21.319639241328616,1.1636483585581144e+42,55.84067933204857
2023-02-28,63.90852002904733,2.204818971643081e+42,52.87633638749014
2023-03-01,22.232053925659333,2.7537564069444458e+42,53.711738014412425
2023-03-02,51.074925158141006,4.589243507637646e+42,51.00622121491541
2023-03-03,-102.45029375962638,1.6474230179913482e+42,50.71739553863275
2023-03-06,-25.844250531626805,1.2722280766994053e+42,57.75830977298574
2023-03-07,-27.24440370636111,9.688220928693567e+41,54.79426543180866
2023-03-08,9.008129126844638,1.0601463966456622e+42,52.21374865790901
2023-03-09,19.29138271419285,1.2857225239443642e+42,49.248846236345386
2023-03-10,33.80237965132085,1.8028065269618113e+42,46.89186786610295
2023-03-13,7.765189784003847,1.9483766333211824e+42,45.64296515549196
2023-03-14,-12.376533247213096,1.721560587291558e+42,43.322258080527085
2023-03-15,-9.328372167673965,1.568229813588204e+42,41.359559909872864
2023-03-16,35.96282753338568,2.246954516928361e+42,39.53129227937623
2023-03-17,7.809371032792469,2.429461096181359e+42,39.467038212988
2023-03-20,4.762335543015122,2.5479594345297846e+42,37.81664537082075
2023-03-21,-40.72608877756069,1.695591977791203e+42,36.30222928443214
2023-03-22,-11.036515628351761,1.5184146133589037e+42,37.22949776827959
2023-03-23,-21.46532368467619,1.2250890511404552e+42,35.92089428435866
2023-03-24,44.61680359164169,1.9139737382794528e+42,35.25393682056873
2023-03-27,8.426836552932727,2.0822518693939016e+42,36.81684354232268
2023-03-28,-72.38213606308354,1.0096750808608692e+42,35.486041348477734
2023-03-29,12.399559672389787,1.1429631832933322e+42,41.16172522020262
2023-03-30,107.55395773879411,3.3506814769027186e+42,39.44007337271142
2023-03-31,-60.11450561066838,1.836788552804248e+42,50.783627893504836
2023-04-03,-36.22823434401066,1.278562438087149e+42,51.51218992824491
2023-04-04,11.424297053775339,1.4332997765969537e+42,49.867106903163084
2023-04-05,-73.60996513833041,6.865197196329824e+41,47.18866976907763
2023-04-06,-42.98120770889151,4.466712532037499e+41,50.344787894631395
2023-04-07,-22.122887508087206,3.5802184264339586e+41,49.38771547200374
2023-04-10,-98.51028793705741,1.3368564594057998e+41,47.140393388065895
2023-04-11,-41.97510203786601,8.785960104736027e+40,54.399557612250504
2023-04-12,-20.03165471641397,7.191059063392333e+40,52.83565091163545
2023-04-13,-14.355385330749742,6.229428557626763e+40,50.12974990198471
2023-04-14,37.19492369749258,9.036155806056349e+40,47.504218341633994
2023-04-17,70.7350088096169,1.833082243998994e+41,46.43812422028284
2023-04-18,-38.29137046878224,1.2499269775954588e+41,49.32918630043795
2023-04-19,43.01040142608332,1.921659519794285e+41,48.11430383099781
2023-04-20,-79.63254033331965,8.666359752956109e+40,47.462909321422956
2023-04-21,-109.10585499998828,2.9106903467431126e+40,51.46797786060139
2023-04-24,-42.70621673117404,1.8990013035957418e+40,59.514860268913495
2023-04-25,54.9833347393157,3.290901257416249e+40,57.38551993885787
2023-04-26,-52.12581288044685,1.954048427094701e+40,56.581356680099674
2023-04-27,37.26973001978074,2.836584356768191e+40,55.61422904294635
2023-04-28,-38.42808578770611,1.931544185652925e+40,53.55281858884589
2023-05-01,-43.32962366179784,1.2523521994538008e+40,51.820753561860634
2023-05-02,-42.330621655150615,8.201379887105842e+39,50.69839793749434
2023-05-03,-50.40343501727696,4.9543603561088544e+39,49.63835788365084
2023-05-04,-1.7718062583846494,4.867351777182878e+39,49.481534066070324
2023-05-05,76.09199091682326,1.041732114478407e+40,46.7062395322472
2023-05-08,39.56842579118414,1.5473891329952446e+40,50.331411640502346
2023-05-09,67.6551095356599,3.0438409116732385e+40,49.09001303754243
2023-05-10,-64.59584355821194,1.5954594323690246e+40,51.049743952838654
2023-05-11,-60.72165088600251,8.693106230580208e+39,52.27262385324204
2023-05-12,-109.60418406763479,2.905160050404453e+39,52.83251851331059
2023-05-15,38.786590333087126,4.281718239767652e+39,60.612634632588005
2023-05-16,-60.75624637621577,2.3321531117172776e+39,58.07966696275675
2023-05-17,48.36639288574304,3.7827673767314985e+39,57.761515775659575
2023-05-18,142.59976434705206,1.5743907979368882e+40,56.301550556572685
2023-05-19,-44.00057416966759,1.0139591930266583e+40,69.48276178302531
2023-05-22,35.61277273723292,1.4477206993484037e+40,66.31199823541127
2023-05-23,-14.882281899744532,1.2475324610298664e+40,62.96440186073866
2023-05-24,96.55958603612831,3.276459535587906e+40,59.093034681617496
2023-05-25,85.1325252783274,7.675924039982691e+40,63.2500126580799
2023-05-26,-65.93868465612393,3.9697449001840696e+40,65.00180129878466
2023-05-29,22.3958812081822,4.966228246328622e+40,64.23581601950468
2023-05-30,-70.22939756266719,2.460505144628411e+40,60.47695098338711
2023-05-31,-22.522273966114483,1.9643156845853262e+40,60.84454937306606
2023-06-01,-215.10366495447886,2.285745835218264e+39,57.423650115699054
2023-06-02,-92.75103366834831,9.040975992131325e+38,86.77449464792959
2023-06-05,-399.62267787293484,1.66217244167662e+37,85.79403480340423
2023-06-06,0.8091828884358292,1.6756770213375376e+37,149.42005358620415
2023-06-07,-9.60881633955105,1.5221580718983526e+37,138.1211968864417
2023-06-08,39.50983725490882,2.2596896585070962e+37,127.76962945115883
2023-06-09,-804.3924150305946,7.254657716771787e+33,118.87985196224132
2023-06-12,286.3043747694522,1.2706356257560174e+35,277.159290044651
2023-06-13,42.192364114300425,1.9375822038329413e+35,271.2779031741425
2023-06-14,-154.10359281974516,4.149509248707663e+34,250.66105640272664
2023-06-15,176.92371760655618,2.4342584130782054e+35,236.39186142798286
2023-06-16,202.90765685716104,1.8517546195007382e+36,225.23131556724323
2023-06-19,-224.26112373941586,1.9662093241848177e+35,217.57050674770872
2023-06-20,-134.4187071877634,5.126922154737767e+34,212.99223403113342
2023-06-21,129.7528630125647,1.8765763879225867e+35,201.16579450329053
2023-06-22,209.30614126939503,1.5218479699666766e+36,190.2133168114547
2023-06-23,318.62687983455425,3.6825633473532624e+37,187.70947255229555
2023-06-26,-7.63529064367442,3.411855113891407e+37,200.50418456554016
2023-06-27,-57.40360723903849,1.921718989740746e+37,185.14175269336113
2023-06-28,-194.05919412942043,2.7599518787671754e+36,171.94582203188193
2023-06-29,346.73714487954703,8.846302721519031e+37,170.28346349455862
2023-06-30,60.93136264474308,1.62698422690644e+38,191.7541499229398
2023-07-03,26.655416024617402,2.123960048932046e+38,178.1164478821184
2023-07-04,124.96938818378749,7.411079985260399e+38,164.73524144992908
2023-07-05,-205.1128641930095,9.5298847742717e+37,157.25386992864273
2023-07-06,132.24855516951172,3.576315517748646e+38,159.1433045156167
2023-07-07,-36.73061980254062,2.4769473319084173e+38,152.89398516871128
2023-07-10,-139.59909605148363,6.132613591846856e+37,141.79209758926083
2023-07-11,13.837309558045899,7.042717579409336e+37,138.34030453843607
2023-07-12,30.260822233745976,9.531502238487316e+37,128.00969101751502
2023-07-13,-72.58003971105379,4.612647285685915e+37,118.8279452884125
2023-07-14,27.20933171876373,6.055065884180351e+37,112.37817719954295
2023-07-17,80.13732304611807,1.3494315036712523e+38,104.44405812369733
2023-07-18,146.35658239397316,5.83135399365455e+38,100.07235452533388
2023-07-19,10.311765398806282,6.464766366049624e+38,103.70308404387923
2023-07-20,246.0643290600407,7.571756469880549e+39,96.1863474966385
2023-07-21,-118.53176227867696,2.3143004214607708e+39,118.40104235862657
2023-07-24,-105.53873385469355,8.055098158289916e+38,115.84888291976219
2023-07-25,-8.080387157068781,7.429817761139878e+38,112.34616841289441
2023-07-26,-243.16039843690928,6.530493009632133e+37,104.09102549768873
2023-07-27,26.06693389296283,8.475263790849071e+37,123.37908367136652
2023-07-28,220.53762040965123,7.690169998025852e+38,114.4857504177099
2023-07-31,37.861555089717704,1.122965941942598e+39,126.9039920293896
2023-08-01,-39.47844323214177,7.566828386259335e+38,118.03507719922601
2023-08-02,-26.81198674834856,5.787232168385632e+38,109.99223736253619
2023-08-03,145.33465655751692,2.475433700815381e+39,102.25182981909609
2023-08-04,54.99479272738,4.2903295174978026e+39,105.35339309115544
2023-08-07,431.1082277139713,3.197200655354419e+41,99.18104427338592
2023-08-08,-124.3315517249132,9.221569100199842e+40,164.45904661025358
2023-08-09,103.75640274256008,2.6026343456021894e+41,156.95730242837703
2023-08-10,-6.317199644022367,2.4433062570818213e+41,148.71716336308225
2023-08-11,-34.00496650518438,1.7389865142108935e+41,137.4891493103426
2023-08-14,-302.74348529542306,8.423604406740927e+39,127.60646545560026
2023-08-15,107.28361546052439,2.4627752761287417e+40,152.00743505185073
2023-08-16,27.272987421159232,3.2349670721879474e+40,144.53822566717218
2023-08-17,101.90632860472184,8.962794238415557e+40,133.91036353266205
2023-08-18,24.881936426569155,1.1494876330398768e+41,127.98702130763728
2023-08-21,34.61680160856918,1.624961824179172e+41,118.6822946178365
2023-08-22,-218.9135702561951,1.8201769345060254e+40,110.41963726055437
2023-08-23,99.96817736676643,4.946179630573664e+40,123.51492611450226
2023-08-24,-66.46375385610715,2.5446114036635417e+40,118.60400531058653
2023-08-25,-90.88935622411952,1.025401646407099e+40,111.79721204941164
2023-08-28,165.9564310795165,5.390556879716234e+40,107.4705151946404
2023-08-29,794.5495574454138,1.5216631270986934e+44,112.56810646198258
2023-08-30,-387.1275250939753,3.1698961728603057e+42,272.03261151421
2023-08-31,-101.06025628324906,1.1538408782875086e+42,279.2637687504299
2023-09-01,-550.0959449737633,4.710961845793736e+39,259.63692379203917
2023-09-04,249.21732291223765,5.694382922966629e+40,296.07463119021514
2023-09-05,34.41546147391909,8.033616913100571e+40,284.2922555280268
2023-09-06,259.0765088058322,1.0716824038215997e+42,262.5208867291843
2023-09-07,-99.15545603334026,3.975936374680278e+41,255.71800350232968
2023-09-08,-200.09347782191185,5.375817207691062e+40,238.0464726981957
2023-09-11,301.02558663290966,1.0908926231591357e+42,228.62621169964677
2023-09-12,35.590261294431734,1.557214883210052e+42,231.49750183421136
2023-09-13,495.5102875905716,2.209644370599563e+44,213.96050107919265
2023-09-14,-660.7582498821802,2.9832233125403252e+41,252.1215503077026
2023-09-15,-386.79124266097733,6.235520923007009e+39,312.7149359862136
2023-09-18,-539.4259196208033,2.8325379549013654e+37,313.34132036878685
2023-09-19,619.7786256745143,1.3926439899424835e+40,335.6387907688285
2023-09-20,-669.2300322810536,1.7274719644465758e+37,366.42590338668225
2023-09-21,508.77095752452846,2.798821503042176e+39,398.76639136532594
2023-09-22,491.1827264275427,3.803248291340659e+41,401.43147406772704
2023-09-25,-705.1762505129157,3.2931623013380372e+38,401.4986814305115
2023-09-26,34.52749864154976,4.651190811768352e+38,432.2596059552858
2023-09-27,-100.64862913209494,1.7000148461366027e+38,398.7986042048923
2023-09-28,98.52960935079936,4.55366807063666e+38,369.1846318077471
2023-09-29,-496.252440673011,3.185403143914911e+36,341.9407944373567
2023-10-02,-2183.882760430684,1.0439557353286751e+27,352.29480460656106
2023-10-03,-1034.4041176319838,3.3598669604986166e+22,763.2360552807324
2023-10-04,-350.7116077109807,1.0073976221925984e+21,776.04708138477
2023-10-05,-27.021832845721516,7.688588053426935e+20,724.0936229696191
2023-10-06,383.487476040576,3.558865210453479e+22,667.7109079133818
2023-10-09,722.2653356178822,4.876071182892897e+25,627.5097150582873
2023-10-10,-863.3334585618024,8.682813364538031e+21,622.0690457032678
2023-10-11,1323.7541430661074,4.871376125704998e+27,635.2628424881125
2023-10-12,-348.61486444418557,1.4915456298165374e+26,719.9705204504095
2023-10-13,2522.3648099164793,1.3431599291715929e+37,672.9466176013758
2023-10-16,-3423.7407217004084,1.8155603845500226e+22,1010.5745895531227
2023-10-17,3269.8846235256824,2.883627658680519e+36,1428.415872159035
2023-10-18,3307.4320645529738,6.667056437716122e+50,1674.4045698030832
2023-10-19,1067.2656331341195,2.8774638979355057e+55,1864.69749558317
2023-10-20,1287.7120759166673,1.1258288460222488e+61,1752.0096548523761
2023-10-23,-2277.9824465561137,1.4398601355594322e+51,1665.8413475291431
2023-10-24,-458.64751784536287,1.4670315249372701e+49,1696.4061095589204
2023-10-25,-1431.4291275119579,8.908851777047398e+42,1570.7515366311372
2023-10-26,155.53871353666455,4.2200518155240507e+43,1517.2904356330996
2023-10-27,-92.9229341893285,1.6663207706872764e+43,1399.7728227448172
2023-10-30,789.4031900478374,4.4677936051888013e+46,1290.9000074252767
2023-10-31,-560.4269846117223,1.6450898881990677e+44,1216.090105395469
