date,price,returns,volatility
2018-01-01,100.05001250208359,0.0005,0.014142135623730945
2018-01-02,99.09704601731416,-0.009570553196175493,0.013416407864998734
2018-01-03,100.87889062871828,0.017821061864534086,0.013158328319649878
2018-01-04,102.6647937248256,0.017548556542599885,0.013681092133088157
2018-01-05,100.4215535996802,-0.02209238969364116,0.01407699427006924
2018-01-06,98.26192203762784,-0.021740274223181887,0.015148567910352524
2018-01-07,95.65757473414752,-0.026861702329227674,0.01595368995018428
2018-01-08,98.84319861071998,0.03275985714439505,0.017355358394684495
2018-01-09,99.05940803959054,0.002185009268449661,0.019237906163468814
2018-01-10,99.01552870538761,-0.00044305792183293655,0.018024050714108158
2018-01-11,100.00040858706447,0.009897578406378033,0.016918196693129696
2018-01-12,98.5019711979184,-0.015097711710978299,0.016190213724213563
2018-01-13,98.2666828980983,-0.002391523314961465,0.016035380520344228
2018-01-14,96.56932966379857,-0.017423844323597226,0.015145940211010223
2018-01-15,97.5226047469482,0.009823002189828137,0.015398571319373326
2018-01-16,96.20306566595785,-0.013622969897281841,0.014840499852070576
2018-01-17,96.76436591930148,0.005817581047713703,0.0147360170450622
2018-01-18,98.26623579896982,0.01540168111829232,0.014050100904242984
2018-01-19,98.15262868686531,-0.0011567842535948679,0.014142154896677701
2018-01-20,99.2964297759928,0.011585913781465437,0.013426650988227755
2018-01-21,97.7664400378478,-0.015528247232819956,0.013248526774050551
2018-01-22,96.24468828042332,-0.015687584306303664,0.013597257567831986
2018-01-23,96.58767652232099,0.003557375899589731,0.01390526482769884
2018-01-24,96.36395214517563,-0.002318969567130332,0.013239625605669969
2018-01-25,94.70717360983026,-0.017342443061753365,0.012640774983900545
2018-01-26,94.1465118624515,-0.005937542527970029,0.013328769290739338
2018-01-27,95.65961579498816,0.015944016193049092,0.012851142850534146
2018-01-28,94.8199534308222,-0.008816355542522997,0.013199653605198354
2018-01-29,94.89823078746615,0.0008251961867375983,0.012914165674255223
2018-01-30,94.48929636457997,-0.004318500426810534,0.012319492646159658
2018-01-31,94.7538629948487,0.0027960514242870434,0.011888070021508199
2018-02-01,95.18050629198088,0.004492541463768214,0.01143041830928058
2018-02-02,95.85363810930254,0.007047270060523305,0.01107476103807017
2018-02-03,96.44649807842599,0.006166005487410597,0.010887582687049773
2018-02-04,97.34858462086432,0.009309762098291234,0.010675621765058032
2018-02-05,97.84273572670014,0.0050632595819481135,0.010706762156826055
2018-02-06,98.09230056466289,0.00254742569421498,0.010465270006150834
2018-02-07,97.62935699662128,-0.00473064082084073,0.01017412355211629
2018-02-08,94.71104397905144,-0.03034762301165301,0.010036026698117779
2018-02-09,94.2426349863936,-0.004957934184962303,0.01381199267482572
2018-02-10,93.30246230322884,-0.010026181143518538,0.013233834476778129
2018-02-11,92.49729268412985,-0.00866712294043158,0.013036267397593674
2018-02-12,90.51427876653881,-0.021671761124045383,0.012761514087788637
2018-02-13,91.52035311997173,0.011053771329011338,0.014056546683843677
2018-02-14,89.24901529450567,-0.025130998531242874,0.013750881349947041
2018-02-15,89.87010713018371,0.00693498624270579,0.015375907641051002
2018-02-16,89.60525131766872,-0.002951447007206223,0.014666174014124893
2018-02-17,90.19128883853017,0.006518919615698447,0.013929228615578779
2018-02-18,91.2918642795282,0.012128827541863174,0.013361984795879835
2018-02-19,93.79905820903625,0.027093141669219816,0.01323949413808416
2018-02-20,95.81753264185605,0.021290865648610425,0.015156222902208506
2018-02-21,97.47857763980133,0.017186956152741552,0.015763262295732824
2018-02-22,99.7774438486077,0.023309506883770138,0.015781439194123368
2018-02-23,99.90801423809818,0.001307760808928262,0.016544579475170015
2018-02-24,100.09875213886745,0.0019073150578594587,0.015579791117377936
2018-02-25,99.44358012198546,-0.006566770708187744,0.014714566291235598
2018-02-26,99.91623531391566,0.0047417387149769966,0.014107962885991086
2018-02-27,101.47423435324126,0.015472729415177718,0.013452830891906733
2018-02-28,101.49822578234473,0.00023640083190772142,0.013647348561875192
2018-03-01,101.54792359827826,0.0004895223778195682,0.012973802557695304
2018-03-02,100.79923933042633,-0.007400031446326939,0.012372212044061024
2018-03-03,102.81411524613276,0.01979184215330531,0.012097600419877605
2018-03-04,102.89062041934807,0.0007438348611203765,0.013100254306614592
2018-03-05,103.66616490462775,0.007509297053040929,0.012485195593471004
2018-03-06,103.46837568851082,-0.0019097662385559153,0.012141298002022701
2018-03-07,104.08059159501887,0.005899501116829676,0.011656763999081426
2018-03-08,102.00803619775478,-0.02011392179610411,0.011331971854968717
2018-03-09,102.23167875967127,0.002190001600301571,0.012713965761520766
2018-03-10,101.51864985328163,-0.006999074033458234,0.01215252225335367
2018-03-11,103.16037558247085,0.016042297782559004,0.011880860182934841
2018-03-12,104.21093067920515,0.010132202986913606,0.012415229152925587
2018-03-13,103.90554630166697,-0.002934746937400996,0.012259492694227445
2018-03-14,103.0742196590255,-0.008032969881287093,0.01178688404983447
2018-03-15,102.00011464901088,-0.010475370657373096,0.011634955855657604
2018-03-16,102.72453610360782,0.007077061560229754,0.011709493763835763
2018-03-17,101.96458267084263,-0.0074254745845872775,0.011439894293708203
2018-03-18,103.99499151287523,0.01971721518247509,0.011292555909652552
2018-03-19,102.69210442586245,-0.012607505454437326,0.012462892203003666
2018-03-20,101.88992220876145,-0.007842197493892731,0.012617678062066196
2018-03-21,100.67708166898184,-0.01197485286032502,0.012340346657568644
2018-03-22,98.91442148348911,-0.01766313680272514,0.012450049304050836
2018-03-23,99.47613722429455,0.005662741669679918,0.013219043928127066
2018-03-24,98.50704944139589,-0.009789674959833242,0.012696339794305877
2018-03-25,99.99914476756281,0.015033520077014077,0.012554092106739766
2018-03-26,100.08999642454643,0.0009081118813933132,0.012848609454478993
2018-03-27,97.83778642000944,-0.022758878874427183,0.01226133784329595
2018-03-28,96.72087814263752,-0.011481581143839277,0.01385232433567929
2018-03-29,96.69349794256323,-0.0002831247688137242,0.013691591753567782
2018-03-30,98.30436369819762,0.01652225708623365,0.013015454677988144
2018-03-31,97.65264826918892,-0.006651640840572589,0.013403843613579106
2018-04-01,97.27716541622883,-0.003852497576049852,0.012954851089300376
2018-04-02,95.46158474914107,-0.01884036676590041,0.012431748278058362
2018-04-03,97.07828932195197,0.016793846754856033,0.013370530622440176
2018-04-04,94.16240702684544,-0.03049673359792639,0.013729689361520244
2018-04-05,94.54990658018112,0.004106781275140702,0.01631896025619732
2018-04-06,94.51676847837885,-0.0003505440832587872,0.01541632515820538
2018-04-07,94.95206649115919,0.004594938040730164,0.014563171416272808
2018-04-08,95.79075689700021,0.008793995977433558,0.013854599207502375
2018-04-09,97.1686941684037,0.014282386139732655,0.013417766887519512
2018-04-10,97.22639637489785,0.0005936591096776607,0.013491716524635117
2018-04-11,95.11050831273162,-0.02200278128954821,0.012834458686163123
2018-04-12,97.26941370125934,0.022445128371946278,0.014165180792292342
2018-04-13,96.37283622853359,-0.009260209277108852,0.015123272158256587
2018-04-14,97.66917086101422,0.01336158018856876,0.014626432414300151
2018-04-15,97.26993489997217,-0.004096012625677813,0.014435535005301156
2018-04-16,98.2972247276845,0.010505846466140743,0.013756427714396741
2018-04-17,98.25968409042362,-0.0003819823779594735,0.013448609753153203
2018-04-18,97.74292481277278,-0.005272995884025675,0.012798950267120326
2018-04-19,98.82826940246021,0.011042875568511832,0.012352081075546917
2018-04-20,95.84622016694824,-0.030638657546279476,0.01228018906156025
2018-04-21,95.32605777348589,-0.0054418316580148104,0.015334411832801452
2018-04-22,95.34437451253022,0.00019212983241374143,0.014608322787523753
2018-04-23,95.81030112878868,0.0048748746260122745,0.0138348151006373
2018-04-24,95.06376913278997,-0.007822286196846226,0.013213846727498816
2018-04-25,92.72074121028894,-0.024955727368868412,0.012858496346438732
2018-04-26,93.14453126696637,0.004560193364091015,0.014674440181331863
2018-04-27,91.5971593533226,-0.016752126662302105,0.01395302234125442
2018-04-28,92.39881134258688,0.008713854534564325,0.014326457867331503
2018-04-29,92.8530428845113,0.004903945000980457,0.013827762884944885
2018-04-30,92.80293694532799,-0.0005397718990337412,0.013208536845505882
2018-05-01,94.5917276009674,0.019091738746510434,0.01258585481083528
2018-05-02,96.07913260887985,0.015602123774343874,0.013386876225742935
2018-05-03,94.71886059858426,-0.014259008020091977,0.013606417642804349
2018-05-04,92.38405913390172,-0.02495869834143568,0.013753081206899375
2018-05-05,94.34107679512853,0.020962248205234235,0.015348931181194847
2018-05-06,97.80724713111347,0.03608198406683216,0.01587833729663022
2018-05-07,96.43119519158329,-0.014168924999270622,0.018732621680452373
2018-05-08,96.90707699275933,0.004922799369629001,0.018160181272028477
2018-05-09,95.29568218517932,-0.016768048182811194,0.01709618295656644
2018-05-10,94.18868221300784,-0.01168447402262487,0.016978106482647668
2018-05-11,98.83519894475535,0.04815377792424244,0.0164275325443752
2018-05-12,99.71232036034756,0.008835437729889472,0.021597974597571224
2018-05-13,99.84299733388926,0.001309681884005126,0.02033345968901059
2018-05-14,100.09733242033074,0.0025441112749605096,0.019013092961463543
2018-05-15,97.88052666579127,-0.022395417529164834,0.01782388530757277
2018-05-16,98.54202273531418,0.00673546466381285,0.018233410781374974
2018-05-17,101.75054206126633,0.03204106773878353,0.017218501106988752
2018-05-18,104.64569609198307,0.02805616966519158,0.01901286824037657
2018-05-19,103.60732684145364,-0.009972271624633558,0.019829272139408306
2018-05-20,101.89528923537405,-0.01666233986220628,0.018846402198826117
2018-05-21,103.18023715771234,0.012531624428835032,0.018476023257685017
2018-05-22,103.2617799300243,0.0007899823660222093,0.017737951368334337
2018-05-23,103.07829904692949,-0.0017784323081032035,0.01665677309417539
2018-05-24,101.87872908699556,-0.011705708931049571,0.015695540825421697
2018-05-25,103.18051411924291,0.012696843119324322,0.015306712076179445
2018-05-26,103.29133075762063,0.0010734310925981589,0.014967545476909028
2018-05-27,103.25513616770247,-0.00035047406840159627,0.014158255093218046
2018-05-28,103.31716883104232,0.0006005903376530852,0.013433543456811456
2018-05-29,103.87851412635794,0.005418517034164882,0.012782491469848063
2018-05-30,102.62616456904847,-0.01212916742269515,0.012300506328268148
2018-05-31,101.30821283929758,-0.01292543312493742,0.012432082469202273
2018-06-01,98.11741266822203,-0.032002632407143385,0.01262526826654017
2018-06-02,98.64147804383532,0.005326992981037535,0.015847078605256523
2018-06-03,101.53756440641186,0.02893697972082587,0.015026323615472306
2018-06-04,103.33936461763709,0.01758955168678611,0.016816302291277705
2018-06-05,103.31545934533297,-0.0002313546033169691,0.01672049930547591
2018-06-06,101.50101565485923,-0.017718214888325506,0.01573824387999934
2018-06-07,100.91379130403094,-0.005802203970024369,0.015928867120235092
2018-06-08,99.94415995843133,-0.009654971304738696,0.015153919099096764
2018-06-09,100.46467129380041,0.005194506674430921,0.014680170934722826
2018-06-10,100.10048232898119,-0.0036316315023539555,0.013978023650123303
2018-06-11,100.69601313664201,0.0059317026667178585,0.013333582087196967
2018-06-12,100.17402926196728,-0.005197241394457231,0.012808867591265819
2018-06-13,98.51624718667931,-0.01668748541957142,0.01235730073987295
2018-06-14,100.73831624810148,0.022304745707636405,0.013013009446093278
2018-06-15,98.83274653971453,-0.019097233792750065,0.014194447722788116
2018-06-16,97.02862461440046,-0.018422958460749296,0.014821104933994987
2018-06-17,95.93511827695271,-0.011333922392073092,0.015248711894305739
2018-06-18,95.13906586714275,-0.008332439247790823,0.014887877759720189
2018-06-19,96.22485823631419,0.011348053468729653,0.014359762075560547
2018-06-20,96.7618575260012,0.00556515689190535,0.014037107189258855
2018-06-21,96.17173027771952,-0.006117432380315681,0.013418267508895956
2018-06-22,96.8142777310029,0.006659030198801739,0.01293914443191875
2018-06-23,99.56725741619326,0.02803888911518736,0.012494062795364889
2018-06-24,100.15847252957595,0.005920287189569344,0.01478260483589416
2018-06-25,100.51230339361183,0.0035264849014267044,0.01409555058150664
2018-06-26,101.51954605294054,0.009971210059223565,0.013408871143847149
2018-06-27,100.37405488975766,-0.011347595462999065,0.013107193961639767
2018-06-28,104.15281517424087,0.03695544090979118,0.013040908915460099
2018-06-29,106.9194698761504,0.026216735783719237,0.016954510512924143
2018-06-30,105.88432448983984,-0.009728713286401064,0.01790173630293692
2018-07-01,106.95598434000102,0.010070168684723642,0.01711326958270821
2018-07-02,103.39463195051192,-0.033864343166776834,0.016373552128487134
2018-07-03,104.08516616057435,0.006656424056979297,0.01886716820397388
2018-07-04,104.14110467150681,0.0005372858290610876,0.01778664348179335
2018-07-05,104.86136743189715,0.006892412367188079,0.016700602456781715
2018-07-06,103.83546914466295,-0.009831548648314892,0.01584802503922056
2018-07-07,105.62859948589039,0.017121544110255956,0.01530228750038527
2018-07-08,104.15797447004458,-0.014020431130584262,0.015383873868232882
2018-07-09,106.12690363830302,0.01872685023056178,0.015239695893830946
2018-07-10,105.49796486275697,-0.005943919839949975,0.015512346316038513
2018-07-11,102.69245131748168,-0.02695305036061632,0.01478818329899845
2018-07-12,101.90070725805036,-0.007739731057373203,0.016469784695080678
2018-07-13,104.85556695784956,0.028584969522269865,0.01572752534592619
2018-07-14,101.97888195420259,-0.027818098250011063,0.017295327310791805
2018-07-15,100.0073540382936,-0.01952202851685455,0.01855937939746466
2018-07-16,100.65104486206344,0.006415809508054409,0.018516780002720615
2018-07-17,98.95506488281785,-0.016993676152356547,0.017462535630095064
2018-07-18,98.22543752738389,-0.007400637249816473,0.01731479132331203
2018-07-19,96.971955882458,-0.01284339768508675,0.01646431613155202
2018-07-20,98.01385055273563,0.010686978767032746,0.016069140487467565
2018-07-21,97.66882649196657,-0.003526366498234745,0.01548748327666802
2018-07-22,99.45008023860423,0.01807337776656901,0.014680053822316918
2018-07-23,97.08946080975672,-0.02402298226615594,0.014968658717629228
2018-07-24,99.40434686152703,0.02356301385056225,0.016142778514145226
2018-07-25,100.75215225002256,0.013467719174090452,0.016872793610435678
2018-07-26,101.08820529380596,0.0033298925783813264,0.01639523295489004
2018-07-27,101.73866122722515,0.006413925082702341,0.01546880549036878
2018-07-28,101.03049190066511,-0.006985009257600389,0.014727145099862886
2018-07-29,99.69860527511418,-0.01327068363177285,0.014140651283876194
2018-07-30,102.18106451105942,0.024594694193182807,0.014104165650296322
2018-07-31,102.0076826854863,-0.00169825095284487,0.01539947382911665
2018-08-01,100.30192657513084,-0.016863227983429107,0.014562124014262812
2018-08-02,100.98038323906628,0.006741369710949359,0.014845716757240378
2018-08-03,101.33311261176911,0.0034869619411155976,0.014185608189910371
2018-08-04,102.4748998273235,0.01120465429468731,0.01348847478122607
2018-08-05,101.85558587735967,-0.0060619035314689335,0.013270533956555128
2018-08-06,100.70762900749683,-0.011334428714064102,0.012806126212243137
2018-08-07,99.31899206034262,-0.01388474442882512,0.012782906890771838
2018-08-08,97.95795704766671,-0.01379843528084953,0.013022457122973466
2018-08-09,98.8630623310307,0.009197306938907798,0.013213298461769276
2018-08-10,99.48571254247794,0.006278357475445506,0.012882813458355381
2018-08-11,100.57541029311325,0.010893755985445537,0.012426213893369486
2018-08-12,101.1710567688314,0.00590491833780025,0.012330944380447996
2018-08-13,100.56073518041049,-0.006050840520948928,0.011923324835819732
2018-08-14,103.3703492271074,0.02755628787452291,0.011624636554425903
2018-08-15,103.13842455036051,-0.0022461493525250237,0.014073614323407695
2018-08-16,100.77660936386201,-0.023165734892712564,0.013383226843032276
2018-08-17,102.05094147765878,0.01256583611622144,0.014773315383605198
2018-08-18,101.51860616189568,-0.0052300212419248635,0.014493849054971473
2018-08-19,101.15305279456155,-0.0036073495981386477,0.013850784299358064
2018-08-20,100.87776440973597,-0.0027252134997097347,0.01321947895808966
2018-08-21,101.3506538188578,0.004676793451673758,0.012632562311215408
2018-08-22,99.94715583361365,-0.013944719326222522,0.012140384932880976
2018-08-23,99.44613610341844,-0.005025452759946319,0.012495823142637684
2018-08-24,99.49241872028121,0.0004652956058597552,0.012073807163877823
2018-08-25,101.04601129180386,0.015494522955472016,0.011571966857687962
2018-08-26,100.04557817900948,-0.00995010650989234,0.012095760673820065
2018-08-27,99.37191105268418,-0.0067563751964042264,0.012053289382711744
2018-08-28,100.80105101024297,0.014279293527017114,0.011779431875136507
2018-08-29,101.57819729642776,0.007680136304967441,0.012121413119607972
2018-08-30,101.82229357187107,0.0024001553937520073,0.01183405227931518
2018-08-31,101.01072620546161,-0.008002362714040251,0.01137537398941989
2018-09-01,102.25388796640846,0.012232107064858446,0.011279108145656074
2018-09-02,102.25416258530669,2.6856536695591196e-06,0.011484762605092217
2018-09-03,102.3859804947094,0.0012882900260932494,0.011051675820296779
2018-09-04,102.5219105558775,0.0013267432543506929,0.01067149229432868
2018-09-05,102.6687510222486,0.0014312590086572625,0.010337648961954085
2018-09-06,103.58187545381705,0.008854570899192888,0.010046076969923252
2018-09-07,103.30986015587926,-0.0026295439387529897,0.010137307265923386
2018-09-08,100.9967048937637,-0.022644931729739456,0.009916130966240824
2018-09-09,100.60414162777562,-0.0038944654144467904,0.0121304984158164
2018-09-10,100.57722330848182,-0.00026760251341347745,0.011705032066234697
2018-09-11,100.7438772978239,0.0016556041756882881,0.011247912281072652
2018-09-12,100.00826398840945,-0.00732860528496721,0.010847660723925045
2018-09-13,98.604124020243,-0.01413973596066825,0.010777276454418333
2018-09-14,99.23274533777223,0.006354967455483734,0.011408743204600764
2018-09-15,100.1031873824456,0.00873347384418892,0.011138382857162114
2018-09-16,98.30478741817757,-0.01812879971171413,0.011055905477440947
2018-09-17,97.97598274499731,-0.003350353480604495,0.012190213571021161
2018-09-18,97.11095630364213,-0.008868170413594148,0.011738553278134514
2018-09-19,97.48030498260971,0.003796153229865148,0.011657651984592619
2018-09-20,97.10156697130546,-0.003892844547043493,0.011251763636704685
2018-09-21,95.54386030628751,-0.016172100596310465,0.010933506551755404
2018-09-22,96.88929084709167,0.01398358293802849,0.011807041310973558
2018-09-23,97.43064597378297,0.005571806332168442,0.01211098640598073
2018-09-24,96.97214435629017,-0.004717035870408462,0.011715242844861343
2018-09-25,95.87855757109803,-0.01134140033026508,0.011374604344955323
2018-09-26,94.60666932709151,-0.013354391487641278,0.011575675210621418
2018-09-27,94.35572747944207,-0.0026559992824951553,0.011962074838580831
2018-09-28,92.32893568158704,-0.02171438618896113,0.011516231259589584
2018-09-29,94.4658397219028,0.02288069633641665,0.013117848163320338
2018-09-30,93.54639107730706,-0.009780810222177921,0.014365089843813269
2018-10-01,93.50185593629841,-0.00047618881824595006,0.013998997863066728
2018-10-02,93.02027674063723,-0.005163786826217228,0.013291781086653198
2018-10-03,93.30793695161567,0.003087674526770057,0.012781962912967166
2018-10-04,94.39215112730986,0.011552751472638963,0.01222871193003774
2018-10-05,91.41905348768915,-0.032004005455946664,0.012219922980905506
2018-10-06,92.45992910751413,0.011321432422005463,0.015574934255989466
2018-10-07,92.32526016908356,-0.0014575731182784788,0.015096427739138758
2018-10-08,93.80906834206709,0.01594375005528385,0.014286357834029045
2018-10-09,94.39821031741373,0.006260585709790909,0.014399165208950225
2018-10-10,92.44166021395891,-0.02094436931617861,0.013767861114909278
2018-10-11,90.82624072789197,-0.01762950649672224,0.014734551138883821
2018-10-12,92.53008064894006,0.018585549201445523,0.015080081175384783
2018-10-13,93.74740402597038,0.013070186219173201,0.015362494263938913
2018-10-14,93.40074403026625,-0.003704662811609041,0.01504680210764373
2018-10-15,94.33021881784288,0.009902281098939928,0.014290319609880524
2018-10-16,93.57602011861077,-0.008027437018882781,0.013871609075950914
2018-10-17,94.87138432659845,0.013747969779086624,0.013447305522434762
2018-10-18,94.55962190331869,-0.003291569959588066,0.013463149418631883
2018-10-19,93.65733147143561,-0.009587843472608165,0.012864895401984109
2018-10-20,93.900655828619,0.0025946588273440736,0.012682908272205447
2018-10-21,93.66743836447768,-0.0024867511218043706,0.012131219949588656
2018-10-22,94.2615575030722,0.006322825439091417,0.01166120024147871
2018-10-23,93.83852423632135,-0.004497966997807747,0.011356785725745498
2018-10-24,93.7810183171219,-0.000613005662604032,0.011051156596869838
2018-10-25,96.37107421562202,0.027243624408525645,0.010673927626218835
2018-10-26,97.64167971260993,0.013098351910943684,0.013355334738400339
2018-10-27,97.30689008163219,-0.0034346490507927694,0.013322239607727835
2018-10-28,97.57177423449954,0.002718453730388159,0.012743935979757036
2018-10-29,96.28056002740283,-0.013321823624613023,0.012187652452917721
2018-10-30,98.1333560894803,0.01906090052517473,0.012464442317935276
2018-10-31,97.96450147553588,-0.0017221468686440871,0.013285656806613231
2018-11-01,99.33205979132826,0.013863193654412711,0.012669892222754884
2018-11-02,100.64108035271218,0.013092150856321337,0.012818140975208715
2018-11-03,101.80077820712069,0.011457220839177957,0.012865273167333501
2018-11-04,102.95868297363133,0.011310023016723191,0.012755157171569711
2018-11-05,104.30772684754292,0.013017670598349972,0.012648145676854683
2018-11-06,107.06125505938213,0.026055705676828782,0.012714104704004001
2018-11-07,107.78930895717112,0.00677733091258155,0.014584601431811225
2018-11-08,108.5928945971343,0.007427499314583487,0.01395508858533964
2018-11-09,105.81168293216625,-0.025945040059500383,0.013428769395828148
2018-11-10,104.89827031917133,-0.00866991160561508,0.015271413973114574
2018-11-11,103.1057591481578,-0.017235777122133734,0.01471877712016126
2018-11-12,103.63787616524118,0.005147613770804355,0.015020047234900278
2018-11-13,104.76099165443438,0.010778622498586474,0.014280111255662442
2018-11-14,105.64071026775841,0.008362325320852312,0.013924738737219718
2018-11-15,103.78446756777136,-0.017727489420524222,0.01345344612023049
2018-11-16,105.6542401829737,0.017855556042134554,0.014038164683853275
2018-11-17,106.65349362534275,0.009413324735227636,0.014409409775924371
2018-11-18,106.69958780399851,0.0004320929331238833,0.013943857513632703
2018-11-19,105.15581929697024,-0.014574051737865147,0.013238842439707132
2018-11-20,105.39696386954105,0.002290586468441603,0.013479599784543517
2018-11-21,106.10789612128859,0.006722634451564633,0.012836093205833402
2018-11-22,107.64086011010698,0.014343852092544216,0.012406555260115354
2018-11-23,106.62872135228324,-0.009447409930858804,0.012649088721523606
2018-11-24,106.19406529782596,-0.004084681585445933,0.012485776911970042
2018-11-25,105.26453042637827,-0.008791705587112715,0.012025488009022927
2018-11-26,105.75216519794373,0.0046217730606030755,0.01189765047598219
2018-11-27,105.6400057850563,-0.0010611502109140443,0.011489990214863313
2018-11-28,105.62461699902053,-0.0001456825649292329,0.011066192338158152
2018-11-29,104.97212093097323,-0.006196659666909587,0.010683314632304387
2018-11-30,106.02778964528245,0.010006426258295367,0.010559249730559887
2018-12-01,107.18924085164316,0.010894652192509603,0.010668191302274272
2018-12-02,108.1490940372956,0.008914897045134712,0.01084175443518976
2018-12-03,106.33937374953138,-0.016875156529781332,0.010816336837212262
2018-12-04,106.85152225290257,0.004804609372996302,0.011816673712727706
2018-12-05,107.74902547262286,0.00836445630711737,0.011425483673504516
2018-12-06,107.8703218785411,0.0011250977261879002,0.01127587659111904
2018-12-07,108.47301399675145,0.005571640789345234,0.010867964790159789
2018-12-08,109.88202491293481,0.012905866339508918,0.010628636502757303
2018-12-09,110.78829520867106,0.008213840361697481,0.011018769386141053
2018-12-10,112.19326350359327,0.012601821389102536,0.010915659406549413
2018-12-11,114.4967021810029,0.020323069455680663,0.011221599054109715
2018-12-12,116.18156802871027,0.014608188352401567,0.012503241611517816
2018-12-13,116.90985864643702,0.006248989918549653,0.012758741749689738
2018-12-14,117.61788616873199,0.006037918233224084,0.012315549353899854
2018-12-15,118.1571864490806,0.004574709403318769,0.0119159009873731
2018-12-16,119.39613414425207,0.010430996508654434,0.011504378191014792
2018-12-17,119.85103322555415,0.0038027587493991836,0.011504806782084735
2018-12-18,120.8097508871189,0.007967419674898734,0.011117432876559712
2018-12-19,120.65887919942193,-0.0012496174536262919,0.010983348868182035
2018-12-20,120.4543269276851,-0.0016967326186423603,0.010622851577122295
2018-12-21,121.3183919177176,0.007147776415498177,0.010315075991233168
2018-12-22,121.06371394554046,-0.0021014593052928227,0.010240115571917296
2018-12-23,120.32497992488307,-0.0061207201968775035,0.009990381921578327
2018-12-24,120.28329763407048,-0.0003464742913456114,0.009960921889598542
2018-12-25,120.83622429698254,0.004586336499790721,0.00971640993524212
2018-12-26,120.34256179422565,-0.004093753021902839,0.009587342870898756
2018-12-27,122.34407814087665,0.01649503020876728,0.009499464643240238
2018-12-28,122.38362300505428,0.0003231744043411868,0.010596601029098126
2018-12-29,121.2897286995035,-0.008978426621698897,0.010268782162142156
2018-12-30,124.861655486706,0.02902423276281201,0.010421840583687348
2018-12-31,124.42135239943785,-0.0035325596307537606,0.013553070960108323
2019-01-01,127.55852680046964,0.02490148434551393,0.01295218229874141
2019-01-02,128.95882428725423,0.010917868833624623,0.014564972234140782
2019-01-03,129.92482686928017,0.007462866512547628,0.014183471114560035
2019-01-04,128.82412535536594,-0.008507923560224794,0.013632438370888782
2019-01-05,129.21067251450222,0.0029960877484898002,0.013269556821248928
2019-01-06,128.0540401412351,-0.008991829111855688,0.012660648202296633
2019-01-07,129.36181380524798,0.01016087312044473,0.012460244498236643
2019-01-08,129.2713358649791,-0.0006996623911141753,0.012300499419023368
2019-01-09,129.43304251003798,0.0012501270147371318,0.011779255581277216
2019-01-10,132.84828076530604,0.026044029779580116,0.011313465507770673
2019-01-11,131.18488309188413,-0.012600081414764899,0.01356632125022096
2019-01-12,129.11593072462512,-0.01589696096399744,0.013549890211064963
2019-01-13,128.41369959006187,-0.005453608380325388,0.013890486993176753
2019-01-14,129.53182334506928,0.008669510875756915,0.013324726257829793
2019-01-15,132.50770923548265,0.022714235576219086,0.012945662252820248
2019-01-16,131.82288856106334,-0.005181558338918233,0.01420559297294754
2019-01-17,133.5796602073031,0.013238737250843723,0.013592536609181936
2019-01-18,132.45059714117107,-0.008488281419917174,0.013537763346497155
2019-01-19,132.53991102833126,0.0006740912431857729,0.013185571707372435
2019-01-20,129.61498990883797,-0.02231537527163848,0.012561187716088665
2019-01-21,127.20098467672607,-0.018800048061286472,0.014006072118604971
2019-01-22,129.0283195511519,0.014263519627168446,0.014628524644666862
2019-01-23,131.18816715000804,0.016600771364795437,0.014520265856396259
2019-01-24,133.19771317754058,0.015201906584875453,0.014667511251521322
2019-01-25,134.17768065848352,0.007330307063500539,0.014645139435646194
2019-01-26,129.26725665096959,-0.0372828784686797,0.014034721307680532
2019-01-27,127.74810995762593,-0.011821584094823737,0.01789362965958904
2019-01-28,124.67281772195963,-0.024367586577162943,0.01724345755630022
2019-01-29,124.80975336934002,0.001097757334573045,0.018015992629849945
2019-01-30,124.43294304354804,-0.0030236441692775176,0.016909326516928166
2019-01-31,126.43634362550029,0.01597200835680435,0.01594610082718797
2019-02-01,129.77340091138961,0.026050890562142503,0.015813750855237365
2019-02-02,132.39744259616583,0.020018467948222766,0.016966092936992024
2019-02-03,133.39245663629052,0.007487257350912104,0.017110468205728122
2019-02-04,137.16364325949775,0.027879104427186514,0.016239922426389098
2019-02-05,136.490474758232,-0.004919859156362807,0.017582273865354946
2019-02-06,138.92920969235348,0.017709690414177064,0.016604318367893726
2019-02-07,137.6365366364593,-0.009348102479141238,0.01655189489479071
2019-02-08,138.5037816446739,0.006281211414112612,0.015892418103011754
2019-02-09,140.79798420091575,0.016428497318284423,0.0151005248494303
2019-02-10,141.8062682539274,0.00713569114812836,0.015139143826547194
2019-02-11,140.43552965477738,-0.009713298218138308,0.014464365320748941
2019-02-12,140.93570200404022,0.0035552524197633266,0.014080707743630454
2019-02-13,142.9300901682448,0.014051858560451866,0.013396262079854641
2019-02-14,144.87237400442658,0.013497544778727225,0.013450135653575317
2019-02-15,150.22362116760058,0.036271816174016674,0.013441125092868645
2019-02-16,152.21327889007978,0.013157696213455701,0.017074148600635573
2019-02-17,153.51495522402547,0.008515302507981657,0.016547486069319137
2019-02-18,149.84926143799217,-0.02416812537585098,0.015785148347785966
2019-02-19,149.04716576324768,-0.005367060474028159,0.01681210614596633
2019-02-20,146.427366935372,-0.017733287924956466,0.015927715340385243
2019-02-21,150.5526868308996,0.02778358486019226,0.016089859459458563
2019-02-22,150.24184433301818,-0.002066810239740014,0.017449654469177612
2019-02-23,147.32791007305948,-0.01958550802336836,0.01641571583606149
2019-02-24,147.74346793689784,0.002816661794712539,0.016715176657889425
2019-02-25,147.97017670102736,0.0015332996137075352,0.015748785771794976
2019-02-26,149.57314867486534,0.010774817281444556,0.014863626276995022
2019-02-27,150.68777193621753,0.007424398613530177,0.014434176983934953
2019-02-28,152.09348733384195,0.009285419453954672,0.01385237795611027
2019-03-01,152.13362743067165,0.00026388244252140147,0.013447062068767392
2019-03-02,152.91278599098257,0.005108470189903127,0.01279474625341141
2019-03-03,149.7913780814948,-0.02062421943460685,0.01229932931850067
2019-03-04,146.7255074615179,-0.020679968200661654,0.0135353515323516
2019-03-05,146.28219330143932,-0.0030259580017077212,0.014511512162307096
2019-03-06,145.80656505487224,-0.0032567406539976635,0.013792738141291939
2019-03-07,143.1679152471299,-0.018262672486480155,0.01315731703856268
2019-03-08,145.62688473123865,0.01702959271109918,0.013869085434474617
2019-03-09,145.94937896241592,0.002212075555097919,0.0141711518476772
2019-03-10,145.23512462025334,-0.004905863917209532,0.013453305662812859
2019-03-11,145.94911304619396,0.0049040419398494305,0.012913754478758315
2019-03-12,147.49979613449997,0.010568773465547984,0.012397171252660752
2019-03-13,144.57147912020406,-0.020052743202219604,0.012279022628763282
2019-03-14,146.2428257605933,0.0114943798426097,0.013431297871898569
2019-03-15,146.78864900344595,0.003725360045712507,0.013244902300790111
2019-03-16,148.17329189151476,0.009388689638529159,0.012655181395630082
2019-03-17,149.5718120487604,0.009394145688173967,0.012410940902359743
2019-03-18,147.7334960437376,-0.012366677509293758,0.012199890111055612
2019-03-19,150.1210748016814,0.016032185714591123,0.012372019233996293
2019-03-20,152.09217454065674,0.013044614646801072,0.012815292046796005
2019-03-21,155.0456302195042,0.019232713603540806,0.012858214859444743
2019-03-22,153.14646394689376,-0.012324717918258295,0.013624429964630704
2019-03-23,154.47100545266457,0.008611667562982662,0.013573086128447261
2019-03-24,152.98877660485226,-0.009641848575159434,0.013159569979978254
2019-03-25,150.97037694686497,-0.013280924768504765,0.012941555122990417
2019-03-26,153.7031352795941,0.017939410623181367,0.013090174192832897
2019-03-27,152.4537319440743,-0.008161896107401596,0.013640493599107593
2019-03-28,153.55686278408052,0.0072097870955861836,0.013253544816415826
2019-03-29,153.3851451738526,-0.0011188929745074728,0.012798832249757822
2019-03-30,155.32094780452996,0.012541560068248952,0.012227046755456352
2019-03-31,154.61879691101487,-0.004530894192765445,0.01231159974957857
2019-04-01,155.5296874668689,0.005873916660981832,0.011889918198735841
2019-04-02,157.15773057555822,0.010413324786627053,0.011534839816167935
2019-04-03,152.1502560662497,-0.03238139504228952,0.011529182580715364
2019-04-04,151.88622355713136,-0.0017368479981066643,0.015202051089417511
2019-04-05,149.28895166646936,-0.01724801041643065,0.014385317258341385
2019-04-06,152.95679426223546,0.02427179015727548,0.014744352719052722
2019-04-07,155.02238259714758,0.01341401927673811,0.015852329395594066
2019-04-08,155.37216402403234,0.0022537868577492248,0.01550093818336328
2019-04-09,157.5030167694668,0.013621314969775025,0.014647347838910075
2019-04-10,158.48438810619848,0.0062114785393188945,0.01447687706518655
2019-04-11,157.21462951496486,-0.008044151976119492,0.013834922220126708
2019-04-12,160.63690646157082,0.02153463999578916,0.013416205320824328
2019-04-13,165.04843125156606,0.02709237483488198,0.014395867059825991
2019-04-14,167.91770496064757,0.017235054394164135,0.016027173178057384
2019-04-15,170.90713706896673,0.01764634295486018,0.016010807057268817
2019-04-16,171.1539006198488,0.0014428044500850654,0.01604037901372327
2019-04-17,170.21306089279634,-0.005512203671491588,0.01512575892613061
2019-04-18,172.58751228420113,0.013853473723332706,0.014425150083325183
2019-04-19,171.13135338502013,-0.008473015340879683,0.014307471395584258
2019-04-20,171.15943221221076,0.00016406417254028117,0.013858198927202218
2019-04-21,170.58962873547185,-0.0033346339162795523,0.013162579958657022
2019-04-22,168.6299911683052,-0.011553927025425943,0.012599044655053087
2019-04-23,169.98709141584192,0.008015588010348814,0.012627559263786801
2019-04-24,169.9555509600327,-0.00018556339786791724,0.012295746066445522
2019-04-25,169.81775742527415,-0.0008110910357704761,0.011770920327152995
2019-04-26,173.18336704076057,0.019625111379297032,0.01131120137369872
2019-04-27,172.0938341936263,-0.006311082571083804,0.012463096467810915
2019-04-28,170.03351145339067,-0.012044331873941404,0.012110678845963958
2019-04-29,168.62430317694518,-0.008322361683310804,0.012263942555716955
2019-04-30,169.5703852829087,0.0055949108970748136,0.01206760334637958
2019-05-01,172.3010875775079,0.01597536259587881,0.011678133611653537
2019-05-02,172.70120853578408,0.002319527389691642,0.012242167647164444
2019-05-03,170.67977153707332,-0.011773863245680041,0.011735464898685167
2019-05-04,167.23167658783254,-0.02040898379041033,0.011921733843170482
2019-05-05,166.46870257481484,-0.004572816755291047,0.013210871942004857
2019-05-06,169.62058139875805,0.01875674935437495,0.012685480433594925
2019-05-07,170.52979806723016,0.00534598159386516,0.013420659128943658
2019-05-08,168.69666140251863,-0.010807850965077767,0.012862555403099801
2019-05-09,169.37484374600885,0.004012069889773387,0.012783398652861495
2019-05-10,168.05612678514757,-0.00781625748563258,0.012253018095202062
2019-05-11,167.655293475407,-0.002387964638823547,0.012022146165800881
2019-05-12,169.32883777683446,0.009932563019657009,0.011562276274272648
2019-05-13,171.20033136010505,0.01099178922444937,0.011512194502274406
2019-05-14,172.1107331665323,0.005303667924196528,0.011561089612683343
2019-05-15,170.72509514434563,-0.008083435001681665,0.011221296566360589
2019-05-16,171.92143012787255,0.006982938722773875,0.011153358587371473
2019-05-17,171.87561237771095,-0.0002665395263376447,0.010951741690710348
2019-05-18,170.66165307163482,-0.007088071932842718,0.010583397726419454
2019-05-19,168.9721673119271,-0.009948948508369103,0.01053398997939731
2019-05-20,168.49059381862915,-0.0028540856987293393,0.01073490827376701
2019-05-21,168.79078108905472,0.0017800410696903633,0.010444017732017922
2019-05-22,168.76166913274244,-0.0001724884909904595,0.010142964603246353
2019-05-23,163.89166972924488,-0.02928181864490197,0.009873854129890397
2019-05-24,163.15752068641166,-0.004489540396194022,0.01347459529081982
2019-05-25,167.22933586483202,0.024650020260413186,0.012915864734898757
2019-05-26,164.2558369768307,-0.017940945114483704,0.014495481207276558
2019-05-27,166.9312304055994,0.0161567397449398,0.014920052774285745
2019-05-28,169.0225366546616,0.012450125390633494,0.014957611056362868
2019-05-29,169.62856088499342,0.0035790516058900436,0.01464415101402607
2019-05-30,173.53490394609875,0.022767644011269742,0.013900774833171496
2019-05-31,171.58682177536338,-0.011289366711659312,0.014961002867435647
2019-06-01,171.68110439527214,0.0005493238085564551,0.014634062406785858
2019-06-02,171.62315593399248,-0.0003375924421936445,0.01385758487005065
2019-06-03,173.38552848434398,0.010216484158902143,0.013164266625071834
2019-06-04,175.54083641953477,0.012354098540609015,0.012912948340739335
2019-06-05,182.67431057730278,0.039833141640595204,0.01287573550691607
2019-06-06,182.31369198629568,-0.001976057874886984,0.017482176158858564
2019-06-07,185.20101386758404,0.015713010888492127,0.016443709953107826
2019-06-08,190.46320860315265,0.02801724857841758,0.016216652783419418
2019-06-09,191.03110496556616,0.0029772227878328912,0.017585583592986884
2019-06-10,191.72421974577293,0.0036217159792697245,0.0165371854024225
2019-06-11,196.72007655409715,0.025723803070837145,0.015602283068336642
2019-06-12,193.46125817272497,-0.016704510798172437,0.016749345525675502
2019-06-13,196.94451077685912,0.017844741615476657,0.016675101450610106
2019-06-14,194.95362518174744,-0.010160307178350106,0.016626309371014458
2019-06-15,195.10245682827238,0.0007631295119454608,0.016010410791708594
2019-06-16,194.96215359492444,-0.0007193846129567004,0.01509603223947855
2019-06-17,199.74408573706805,0.024231520284590528,0.014277792226128693
2019-06-18,197.05803262551552,-0.013538708670301169,0.015478874433446994
2019-06-19,191.2262013621906,-0.030041239570881405,0.015276280790179756
2019-06-20,190.132792047578,-0.00573429408846581,0.017367693370622075
2019-06-21,187.12078159555352,-0.015968434311179638,0.01644013075804768
2019-06-22,188.11938000360578,0.0053224620797706415,0.016335762832099806
2019-06-23,190.76842388007952,0.01398349070574734,0.015464610866805024
2019-06-24,192.66651901491264,0.00990056161771652,0.01521385924194272
2019-06-25,189.37697765727873,-0.017221194361545147,0.01468262040479994
2019-06-26,185.4797884539276,-0.02079370029429672,0.014988212489109446
2019-06-27,187.38473065664266,0.01021796754122139,0.01569368356372159
2019-06-28,184.53635521701725,-0.015317395214739883,0.015125866505483733
2019-06-29,180.667038525112,-0.02119072028953317,0.01514899538082922
2019-06-30,185.573890234133,0.026797361811762243,0.01587819216910426
2019-07-01,184.87904151183926,-0.0037513512654979183,0.017130515532260738
2019-07-02,185.95759538226372,0.005816884332849893,0.016163037363043416
2019-07-03,187.23266236882307,0.006833361384219685,0.015325930189719556
2019-07-04,187.89659327177054,0.0035397484264887624,0.014617204328990076
2019-07-05,188.42541852181301,0.0028104951693686134,0.013875779981167307
2019-07-06,189.56899885095297,0.0060507973962370155,0.01319812556258147
2019-07-07,188.27708537880324,-0.006838332117351563,0.012694214264152928
2019-07-08,188.85576627387618,0.0030688461463709254,0.012343286687225792
2019-07-09,187.63889163095976,-0.006464255759201119,0.011839050399375836
2019-07-10,189.56157727310165,0.01019459121940969,0.011575350233711012
2019-07-11,189.8760986021897,0.0016578290513629042,0.011545082631547429
2019-07-12,190.05593837986717,0.0009466945327248739,0.011109889731004866
2019-07-13,191.04224292780304,0.005176129398811499,0.010720781499516763
2019-07-14,193.52408483493102,0.012907403401276251,0.010482437749959057
2019-07-15,195.77734503096465,0.011576044604111012,0.010899249603559955
2019-07-16,197.1848569274672,0.007163630031895086,0.011101462608135122
2019-07-17,196.80256445999004,-0.00194063346544847,0.010917714859532022
2019-07-18,199.96234098637544,0.015928038424286542,0.010578879537181908
2019-07-19,198.3449719961155,-0.008121256261037116,0.011354656550728488
2019-07-20,197.06803499545978,-0.00645877306566108,0.011270385864250538
2019-07-21,200.91041579176863,0.01931009170687847,0.01108200388727917
2019-07-22,198.9455633903953,-0.00982787962973867,0.012238102125580496
2019-07-23,200.42744902430604,0.007421094509572642,0.012164373467439836
2019-07-24,201.38031219272023,0.004742889742841585,0.011856067623714652
2019-07-25,201.24959983902008,-0.0006492928338718441,0.011457818287543733
2019-07-26,200.3733925979207,-0.004363338990819187,0.011032744324310919
2019-07-27,199.67263835091265,-0.003503371659896408,0.010762362047465918
2019-07-28,197.8808935530434,-0.009013915288223217,0.010490799291729433
2019-07-29,195.42692089326124,-0.0124787986103162,0.010611305184735612
2019-07-30,191.6469467921937,-0.019531642835416647,0.011070444860156792
2019-07-31,191.656407080086,4.936188425517027e-05,0.012421682996280176
2019-08-01,194.56414115211587,0.01505766083708968,0.011881657488002288
2019-08-02,190.93420226171867,-0.018833005336119504,0.012295945098594259
2019-08-03,192.1128544764429,0.006154105162349311,0.013262286210157737
2019-08-04,192.79812708229235,0.0035606847437395462,0.012755465131103984
2019-08-05,195.43325475356158,0.013575245396502709,0.012216111746961229
2019-08-06,197.6579270692503,0.011318982314932776,0.012407440610375051
2019-08-07,199.42003834127954,0.008875450127357947,0.012351434449409882
2019-08-08,197.6895297780881,-0.008715577041758136,0.012111525894698192
2019-08-09,198.12151909650268,0.0021828066253624205,0.011965717136658007
2019-08-10,197.64567970125893,-0.0024046440734700044,0.011488464319445432
2019-08-11,195.3857778354876,-0.011499979089670629,0.011091924372066806
2019-08-12,196.6167731018522,0.006280567868025758,0.011356765303093807
2019-08-13,195.01173903840368,-0.008196763004351397,0.011089237887014925
2019-08-14,197.2648268457366,0.011487367738034403,0.011049383967125573
2019-08-15,198.48297288952864,0.006156192867199074,0.011218189610008642
2019-08-16,195.77677890835884,-0.01372819046426425,0.010962201566395564
2019-08-17,198.69925111307083,0.014817253528261335,0.011506021210378527
2019-08-18,199.29601873593256,0.002998870164093985,0.011959457359716603
2019-08-19,199.64631965553664,0.00175614857548323,0.011497772066698296
2019-08-20,194.3040731423474,-0.027123080032017376,0.01106917969171403
2019-08-21,192.64760689219452,-0.00856167037984842,0.013800405183756739
2019-08-22,190.6831306907106,-0.010249600185456467,0.013419943843317047
2019-08-23,188.80044015981176,-0.009922463696597342,0.01321499335069194
2019-08-24,186.15067056416154,-0.014134182472779169,0.013011664644490968
2019-08-25,183.07928399412157,-0.016637097703794252,0.013240990671481177
2019-08-26,186.42418934589475,0.018105360113860106,0.01372564281332036
2019-08-27,184.84877677231518,-0.008486597047163404,0.014182000934878496
2019-08-28,179.38746620603257,-0.029989985842005316,0.013749024350410066
2019-08-29,177.03556691415358,-0.013197426706433778,0.016237125474187604
2019-08-30,174.89073453182004,-0.012189250588358038,0.01590155831837395
2019-08-31,174.02130992376078,-0.004983642275142756,0.015525215987520593
2019-09-01,173.71575227581474,-0.0017574067294155483,0.014760911726599532
2019-09-02,174.09796046905305,0.002197776183508007,0.013989689998873995
2019-09-03,172.74569121673176,-0.0077976119646388994,0.013290709413791069
2019-09-04,172.95072557294148,0.0011862106188758618,0.012924068618091256
2019-09-05,179.5489875104328,0.03744135096642278,0.01232979747196633
2019-09-06,177.14795194289766,-0.01346281151840199,0.01660381465107322
2019-09-07,172.51308439651882,-0.026512184929299902,0.01624283449315287
2019-09-08,175.57711695183946,0.017605274054516954,0.017527721899369377
2019-09-09,174.44406446100507,-0.006474216468621891,0.017331962375403454
2019-09-10,172.17138301056062,-0.01311374917896994,0.01643780250976877
2019-09-11,168.73955506384533,-0.020133961656722373,0.01606874498268072
2019-09-12,172.1433734139672,0.01997126403117726,0.016493935791246785
2019-09-13,169.2349781373495,-0.01703954356302383,0.016707945490098047
2019-09-14,174.8426213445955,0.03259811031521006,0.016674701945312113
2019-09-15,180.37291156134393,0.03114017600910039,0.018691380387787993
2019-09-16,184.15947852107465,0.020775674595766125,0.02002110347277849
2019-09-17,182.7815327430175,-0.007510483772283446,0.01979465065766221
2019-09-18,193.09875372205485,0.0549101058240308,0.018694136794370996
2019-09-19,187.25178001306455,-0.030747606929103822,0.02455801497458376
2019-09-20,187.33728845583897,0.0004565453263715207,0.024905280131885206
2019-09-21,182.6297358928814,-0.025449871685566564,0.02317827043830904
2019-09-22,183.90488296474922,0.0069578814695233325,0.02310815811535872
2019-09-23,185.16247331647241,0.006814990259201924,0.0216346793151458
2019-09-24,188.32690532149158,0.01694563706006842,0.020293800947732768
2019-09-25,187.65158758463855,-0.0035923249644927847,0.019675073092657598
2019-09-26,190.08505813089866,0.012884660462327741,0.01845851939844329
2019-09-27,189.09735251280858,-0.005209671252043073,0.01774675686152305
2019-09-28,190.0960064365436,0.005267266470050146,0.016762019771416385
2019-09-29,187.7964566131472,-0.01217054285382199,0.01584592041360795
2019-09-30,190.23583484202575,0.01290583975303549,0.01547525380445476
2019-10-01,192.22211649838235,0.01038702167245649,0.015131141538669426
2019-10-02,190.8907999678716,-0.006950023516037452,0.014641859423547362
2019-10-03,191.1043391639278,0.0011180206051033836,0.014063311320988219
2019-10-04,188.86596699659293,-0.011781963086176179,0.01334722485991801
2019-10-05,193.1465594827655,0.022411682133590464,0.013285737144285626
2019-10-06,199.6247367264387,0.032990011410155555,0.01442381264227125
2019-10-07,201.0350065263787,0.007039767023771718,0.017099692968344377
2019-10-08,206.61890129607224,0.027396985179659578,0.016211614044950008
2019-10-09,208.97334208787822,0.011330654113771061,0.017485386659337562
2019-10-10,209.46455074825897,0.0023478221950256825,0.016781187129812167
2019-10-11,206.45867414442023,-0.014454249041155377,0.015802165989172196
2019-10-12,208.54400632070275,0.010049813293947487,0.015640177073659924
2019-10-13,205.37651583140567,-0.015305123330420202,0.015067938195255762
2019-10-14,205.39791482293634,0.00010418852758637694,0.015098560844882524
2019-10-15,207.25947509630095,0.009022365511367002,0.014275406310182424
2019-10-16,205.53108503818666,-0.00837422327775841,0.013801529368646452
2019-10-17,202.69877236706031,-0.013876290853109596,0.01340839531244958
2019-10-18,200.98306874433067,-0.008500327628091886,0.013545666428640643
2019-10-19,202.40485924399835,0.007049275839373722,0.013193290222226647
2019-10-20,202.12826925798825,-0.0013674530446224334,0.012737455485957016
2019-10-21,204.19184960149144,0.010157498928282674,0.012176004866359611
2019-10-22,208.7938556668325,0.022287437561216535,0.012055851644937785
2019-10-23,206.8154587161705,-0.009520536839606799,0.01345404283479236
2019-10-24,209.73663591810623,0.014025737128951474,0.01318714124311085
2019-10-25,210.70813485320508,0.004621299783529771,0.013270649815628529
2019-10-26,209.6091749582727,-0.005229203620663057,0.012704020455755631
2019-10-27,208.3187866363756,-0.006175190659654058,0.012266445809276653
2019-10-28,205.76538191356676,-0.012332937510555734,0.011931121318107779
2019-10-29,205.85377745036772,0.00042950157274720025,0.01214361297292852
2019-10-30,202.14736289817915,-0.018169147818003252,0.011633904444925645
2019-10-31,196.70041936293353,-0.027315093343978563,0.012645128736539503
2019-11-01,194.07600678866467,-0.013431987480230504,0.014942634654656207
2019-11-02,194.19958608014585,0.0006365545397327145,0.014805404701462323
2019-11-03,192.99561175085972,-0.006218972840569922,0.014011490706994829
2019-11-04,190.9991565159584,-0.010398439714153565,0.013468038114759094
2019-11-05,190.03049908979875,-0.005084431086522814,0.013268663907184368
2019-11-06,192.06701996517563,0.010659792634785644,0.01275803325969786
2019-11-07,189.60153326281412,-0.012919696820915379,0.012596604280337133
2019-11-08,189.88070741685783,0.0014713426583962607,0.012762527169907426
2019-11-09,190.00468629550934,0.0006527172937164941,0.012187868372042483
2019-11-10,187.3405441737976,-0.01412068405379388,0.011673253505054984
2019-11-11,189.2849759684485,0.010325636297626041,0.01213266502069405
2019-11-12,188.040303085177,-0.0065973708464676095,0.012032274901033453
2019-11-13,192.88080950649132,0.02541611284087022,0.011751449301816456
2019-11-14,191.3058668709805,-0.008198886400137918,0.013764568445799015
2019-11-15,191.08798030051366,-0.001139592572729766,0.013364539097345387
2019-11-16,196.458205955249,0.027715764512501507,0.01273138232370144
2019-11-17,199.53669767814378,0.015548451327490696,0.014894450822081776
2019-11-18,199.24091802788078,-0.0014834318319479865,0.014873249619141281
2019-11-19,192.91313080340134,-0.03227474772746111,0.01408633810759531
2019-11-20,197.11562336245888,0.021550489073588197,0.016913887546898845
2019-11-21,192.88171663866544,-0.02171334332119463,0.017247607433510725
2019-11-22,194.71948699991952,0.009482860815287842,0.017669217017285924
2019-11-23,194.7741152455964,0.00028050908009846857,0.016835683067402935
2019-11-24,195.41359504369785,0.0032778088790979556,0.01584073888177329
2019-11-25,194.9104650226236,-0.0025780132520924677,0.014968676604473926
2019-11-26,193.67870654180774,-0.006339665108821739,0.014191529302859928
2019-11-27,192.6160876296885,-0.0055016096950014845,0.013633329756186694
2019-11-28,192.46176407960382,-0.0008015187456849708,0.013099216010811498
2019-11-29,190.2746474383297,-0.011428964594913793,0.012490814072259349
2019-11-30,189.17258487325043,-0.005808795374205526,0.012523872819150635
2019-12-01,191.37265882954105,0.011562874612920694,0.012136736453391446
2019-12-02,187.98011313400224,-0.017886444451945583,0.012142653558771213
2019-12-03,190.70196738844345,0.014375653187793705,0.013005136065783256
2019-12-04,192.5690781315066,0.009743107573493342,0.013153589039304022
2019-12-05,199.8345310107039,0.03703474236894192,0.012868872238241433
2019-12-06,202.53705667800764,0.013433186582821229,0.016859579822108554
2019-12-07,203.0926687966603,0.0027395056685576083,0.016380944677580386
2019-12-08,204.9159796461912,0.00893766832608521,0.015446248243971963
2019-12-09,199.4019074692181,-0.02727761621409362,0.014829633231147292
2019-12-10,201.6537531309918,0.0112297097250592,0.016555661109075154
2019-12-11,199.22325656858501,-0.012126045073206207,0.015952714334029963
2019-12-12,204.18473582788553,0.02459906367077359,0.015564621159821197
2019-12-13,203.37329704999036,-0.003981959792800123,0.016552803510349556
2019-12-14,204.20170323431685,0.0040650546501125925,0.015649434648025855
2019-12-15,201.26965850795878,-0.014462653150927257,0.014813508887101538
2019-12-16,200.1454536200195,-0.005601223238376961,0.014795679695353512
2019-12-17,199.3440035219234,-0.004012377092767722,0.014134985302462216
2019-12-18,200.9908489908311,0.008227386389797456,0.013485706981038589
2019-12-19,203.77647744698265,0.01376431472428274,0.013059705161426528
2019-12-20,202.55056069822882,-0.0060341564966490124,0.013136465223885932
2019-12-21,198.51178542491394,-0.020141067059029783,0.012686655623287009
2019-12-22,194.36706820449038,-0.02109999534659272,0.013762772656766308
2019-12-23,197.1555016358482,0.01424429033581717,0.014753230304541506
2019-12-24,199.06777062212277,0.009652556866861825,0.014625309755336442
2019-12-25,199.72687490080284,0.0033054850971875904,0.014148910288206733
2019-12-26,199.75620877144112,0.00014685913817105923,0.013451765224505599
2019-12-27,200.0839020523788,0.0016391219661823903,0.012799217177380997
2019-12-28,199.7516536424846,-0.0016619256673621099,0.012221977179903585
2019-12-29,202.33795243539942,0.012864468128080092,0.011723378758587104
2019-12-30,202.42237690054793,0.00041715781045683503,0.011920988855742148
2019-12-31,200.40674964543902,-0.010007439602291175,0.011436527676124254
2020-01-01,199.1007346882803,-0.006538148399032608,0.011498507259349899
2020-01-02,195.24316351553733,-0.019565127008093357,0.011284364053991013
2020-01-03,197.19994927057095,0.00997241081801558,0.0125895700273141
2020-01-04,195.58753225623352,-0.008210170372005296,0.012397392432373614
2020-01-05,194.98583103418537,-0.0030811199872404363,0.01217488172611419
2020-01-06,192.63743244566086,-0.012117060780341039,0.011716485194990866
2020-01-07,191.37547058696833,-0.006572520827184623,0.011941676758280478
2020-01-08,193.00825034103866,0.008495622919145766,0.011671124723627272
2020-01-09,193.27363471713804,0.0013740453700707908,0.011496776855006411
2020-01-10,193.8374786442123,0.0029130877742758092,0.011064623440345074
2020-01-11,196.38252782779708,0.013044360766139962,0.0107072081961534
2020-01-12,197.32945592828833,0.004810267228062302,0.011098817953075702
2020-01-13,196.01389828764655,-0.0066891306634012555,0.010796482590173477
2020-01-14,197.4666889536342,0.0073843402425838225,0.010688675822639432
2020-01-15,195.21325575274895,-0.01147732634726148,0.01057591775085364
2020-01-16,197.1953175937054,0.010102117190084291,0.010927861889444722
2020-01-17,197.63214655742584,0.002212759656408113,0.010987515920660721
2020-01-18,198.72335399145362,0.005506219489786416,0.010625913360968967
2020-01-19,199.20247125640537,0.002408074400195705,0.010415361390733771
2020-01-20,198.7804484231991,-0.0021208095650355726,0.010127776891120665
2020-01-21,196.08138808864368,-0.013671123023910322,0.009893075827086754
2020-01-22,199.43717510881604,0.016969456609298515,0.01064302962968229
2020-01-23,197.9828512313011,-0.007318857998793577,0.011550206398333648
2020-01-24,196.07241092899432,-0.009696382482411291,0.0113802298618271
2020-01-25,196.65210498214833,0.0029521685083818998,0.011422775867738122
2020-01-26,197.06171076500266,0.0020807292721344304,0.01102311890007739
2020-01-27,196.08095744657516,-0.004989310152453396,0.010655170024248093
2020-01-28,194.86188403527342,-0.006236601534997775,0.01046498942205737
2020-01-29,196.1091491104994,0.0063803668340273595,0.010374332898424852
2020-01-30,199.2376139430176,0.015826764895012172,0.010244053740317456
2020-01-31,199.09427329231792,-0.000719704655742249,0.011076574998348226
2020-02-01,198.91853121675845,-0.0008830976540939539,0.010697462530182193
2020-02-02,200.79876440636625,0.00940788441328149,0.010366370860095167
2020-02-03,199.6617892325026,-0.005678353178878706,0.010453584962093818
2020-02-04,196.89861897931166,-0.013935909462145528,0.010329715754852743
2020-02-05,194.18805042144422,-0.013861950169194502,0.011024387585692519
2020-02-06,193.2227949022221,-0.004983120778714878,0.011572947535519126
2020-02-07,192.5807675954689,-0.0033282631982933975,0.011262753162894672
2020-02-08,188.54537591253572,-0.02117693871584684,0.01092189211623108
2020-02-09,188.95512209656607,0.0021708386987749993,0.012585052065758806
2020-02-10,189.44390406326983,0.0025834222857876827,0.012037656556361515
2020-02-11,187.30655033537954,-0.01134637866091442,0.011558696462217011
2020-02-12,187.5324274466761,0.0012051955747696423,0.01173015827078197
2020-02-13,193.47428230978215,0.031192818837772262,0.011269731637391502
2020-02-14,192.2926557852527,-0.006126135255930289,0.014565738440698098
2020-02-15,188.40533825868252,-0.020422763973853387,0.013954468557325786
2020-02-16,185.82153106335184,-0.013808993770899369,0.014808589366997204
2020-02-17,183.46110334123378,-0.012784028543164723,0.014726673129320654
2020-02-18,181.29070532250358,-0.011900824523259922,0.014559883504779091
2020-02-19,179.60051670253185,-0.009366816783068173,0.014337702793944921
2020-02-20,179.08944296219303,-0.0028496704322002434,0.0139452382747458
2020-02-21,176.5003215834214,-0.01456266402055374,0.013282366097911757
2020-02-22,177.1952419103746,0.003929487914804867,0.013514675228236921
2020-02-23,176.90057872197994,-0.0016643136645049551,0.012900605345556147
2020-02-24,177.33356456196427,0.00244463196915668,0.012325996953729924
2020-02-25,173.4416239183909,-0.022191423387984487,0.01181180892655321
2020-02-26,176.1931547352503,0.015739782139204697,0.013419429016805026
2020-02-27,181.1082221819062,0.027513901849762608,0.013648956364189559
2020-02-28,181.22387954454427,0.0006384052973232666,0.01553463863988084
2020-02-29,180.68837579044603,-0.002959303737353476,0.014667247990797718
2020-03-01,180.2407240688661,-0.0024805533900882806,0.01393038467935299
2020-03-02,183.8097247303068,0.019607804462798795,0.013260303336223358
2020-03-03,179.04128751346263,-0.026284682083773193,0.013998968427073948
2020-03-04,183.0162730055844,0.0219586366723162,0.015758088999043043
2020-03-05,179.65986891834888,-0.018509626224494053,0.016343716601493814
2020-03-06,184.77660934668512,0.02808213220600017,0.01652834233723848
2020-03-07,186.49488212140238,0.00925621860179343,0.017840560166579263
2020-03-08,186.67653530306194,0.0009735643595710666,0.016976745430705317
2020-03-09,183.6107419572754,-0.016559377491145787,0.015968745377342372
2020-03-10,177.33988085741984,-0.034749861747229646,0.015995403734384937
2020-03-11,171.00736034892958,-0.036361523567703294,0.0187544734624025
2020-03-12,168.53492988111202,-0.014563571245888264,0.02109141829269431
2020-03-13,172.61359208861114,0.023912497307091506,0.020268494138089916
2020-03-14,170.018420400988,-0.015148738133557427,0.020347102482844437
2020-03-15,163.27924330035916,-0.04044490235753617,0.019656861220640837
2020-03-16,162.15545752076073,-0.00690639470005815,0.022496263400778822
2020-03-17,159.74427230181027,-0.014981250943488986,0.02111054369723676
2020-03-18,159.7143796718652,-0.00018714553415674954,0.020316833168373686
2020-03-19,157.26038869440836,-0.015484134717268377,0.018997496424300517
2020-03-20,153.54243968709434,-0.023925949367766777,0.01850184845086006
2020-03-21,151.67621954331912,-0.012228894560692297,0.01899034852064265
2020-03-22,149.4251713972495,-0.01495237254421506,0.018241184502901
2020-03-23,152.85302379993385,0.02268108917932528,0.01779627129437696
2020-03-24,153.5651123461197,0.004647830817322604,0.01812184463303125
2020-03-25,155.2949839725021,0.011201768927749323,0.01705466255946092
2020-03-26,153.65895328271185,-0.010590873167884417,0.016391615953981184
2020-03-27,153.23074210065215,-0.0027906538824956713,0.015832973798626672
2020-03-28,150.91418563921772,-0.015233535386784118,0.014972088722327198
2020-03-29,152.00774489630888,0.007220104571162787,0.015009774754458192
2020-03-30,150.07320800602793,-0.012808244402928643,0.014353233712211725
2020-03-31,149.7587024798088,-0.0020978797157182884,0.014241627617887418
2020-04-01,148.20084061563975,-0.01045696367853753,0.013530530718612691
2020-04-02,148.91583423133125,0.004812890398898999,0.013327395754741527
2020-04-03,150.8762946885356,0.013078985165674508,0.012760746777609397
2020-04-04,150.33248212378163,-0.0036108719100372793,0.012815390994962043
2020-04-05,151.91780852788796,0.010490252557361919,0.01229996082053778
2020-04-06,152.43365704504927,0.0033898243936771083,0.012189183540120208
2020-04-07,153.33247182986898,0.0058791166766089566,0.01171003307301717
2020-04-08,154.61034522376437,0.008299467681895083,0.011377593462922633
2020-04-09,154.6732439377016,0.00040673813295378223,0.011230109423710057
2020-04-10,154.46331416274023,-0.0013581687557201838,0.010825845176973976
2020-04-11,151.78480511327513,-0.01749285747415401,0.010486389480603538
2020-04-12,150.14488981785348,-0.010863001880322154,0.011655213498542085
2020-04-13,150.2216214833922,0.0005109202545614868,0.011763468137217377
2020-04-14,153.77760504574297,0.02339575532570616,0.01129700478658946
2020-04-15,154.72394125224164,0.0061350692476012,0.013072892976286908
2020-04-16,153.18951920783488,-0.009966662346159165,0.012587329013597758
2020-04-17,154.09085131860417,0.0058665296078421105,0.012475168375974992
2020-04-18,156.8256677445356,0.017592419777115825,0.012048457001241783
2020-04-19,155.3521653344891,-0.009440217701731155,0.0127516900871167
2020-04-20,156.66025283478007,0.008384891677507148,0.012573605404257393
2020-04-21,157.8442504532966,0.007529324379183208,0.012271852818921732
2020-04-22,156.37501065388994,-0.009351753307207725,0.011956159750967851
2020-04-23,155.4358222093227,-0.00602410940117433,0.011883307490537806
2020-04-24,152.9630655734848,-0.01603643674637346,0.011588246102207196
2020-04-25,154.0433371010086,0.007037481802225975,0.012308115395673024
2020-04-26,156.05991164632005,0.013006009964319947,0.011959937948654516
2020-04-27,155.296852063164,-0.004901522624839741,0.01213359497008547
2020-04-28,156.674539563125,0.008832197392340946,0.011749814999821761
2020-04-29,156.7976496119456,0.0007854607802621085,0.011588441698046561
2020-04-30,156.80620394708944,5.455503845953202e-05,0.011142546056731262
2020-05-01,156.1163019213776,-0.004409418501931628,0.010749545332422063
2020-05-02,155.68475795792392,-0.0027680742276499854,0.01051808229329084
2020-05-03,155.15637510435062,-0.003399700401854059,0.010252003598073673
2020-05-04,155.79403699289463,0.004101379239873278,0.010042848571550817
2020-05-05,156.61728491137808,0.005270294424730038,0.009850227386176132
2020-05-06,156.926312030715,0.001971191390375372,0.009733884297408162
2020-05-07,158.54706820478714,0.01027516446969831,0.009526419495211266
2020-05-08,157.3192768627606,-0.007774158563692006,0.009833369319815833
2020-05-09,157.50572377901887,0.0011844481072064792,0.009951735996630075
2020-05-10,156.57771071622443,-0.0059093582241421735,0.009707128250197131
2020-05-11,157.4346950726927,0.005458296986658694,0.009705775359055391
2020-05-12,158.7300393891705,0.008194155914184164,0.009619263741221086
2020-05-13,156.41072679551823,-0.014719482327725662,0.009724746948269275
2020-05-14,157.55319920709564,0.007277762568365402,0.010655907373803841
2020-05-15,159.41569074638127,0.011752023835810227,0.010540868759667655
2020-05-16,159.79912948468643,0.0024023879746222247,0.01082147083891192
2020-05-17,156.3946407902604,-0.021535024310025953,0.010483344144422934
2020-05-18,160.45496758332735,0.02563076591931333,0.012327597430853633
2020-05-19,158.8819892204935,-0.009851606908042604,0.014224266210379456
2020-05-20,158.5570396236096,-0.0020473204669877202,0.013881493557900923
2020-05-21,162.1416106530746,0.022355693206986018,0.013207587517956925
2020-05-22,160.92436161351753,-0.007535642279050047,0.014354143840494538
2020-05-23,160.31094204782175,-0.0038191338517555525,0.013841690043786267
2020-05-24,163.02108886654275,0.01676425488964109,0.013218132148717237
2020-05-25,163.7941188736456,0.004730694474803503,0.013600138366477407
2020-05-26,164.91003082203207,0.00678979098070632,0.013000349096202932
2020-05-27,164.5907884024934,-0.0019377342986966642,0.012554435956576075
2020-05-28,164.3905045862721,-0.0012176001811287794,0.012023561773064956
2020-05-29,165.41294841017762,0.006200341992805954,0.011540197012717067
2020-05-30,162.44113415068296,-0.018129380195284425,0.01124495953358526
2020-05-31,159.93267574712476,-0.015562734658447964,0.012336414727189583
2020-06-01,158.728575461013,-0.007557279162765027,0.012851466980224772
2020-06-02,156.85664461813886,-0.01186337431726028,0.012525100708693292
2020-06-03,159.16064199018615,0.014581722543710743,0.012594908814649749
2020-06-04,158.48798856948505,-0.004235210615986872,0.012832242977038184
2020-06-05,158.16841156665805,-0.0020184471950634142,0.0123372895242942
2020-06-06,155.93265741430542,-0.014236130548814492,0.011832652429305644
2020-06-07,157.10080485788632,0.007463437662735561,0.012277021965485368
2020-06-08,156.42163318178987,-0.004332530346004827,0.011956814981345956
2020-06-09,155.29326268908858,-0.007239791464782767,0.011569613034925756
2020-06-10,154.33131174920464,-0.0062136801427334284,0.01139157544429513
2020-06-11,153.04937138303004,-0.008341108397502128,0.011171845977433672
2020-06-12,151.1817767700674,-0.012277625643243409,0.011131268612858736
2020-06-13,150.96004410817403,-0.001467739229575348,0.011473715243972159
2020-06-14,152.03127114357008,0.007071037649446889,0.011058319042347992
2020-06-15,154.17647018198477,0.014011625738007748,0.010874801635664332
2020-06-16,150.92274285518096,-0.021329787468679175,0.011348062258870006
2020-06-17,150.17200321435294,-0.004986743916233459,0.012927323836327517
2020-06-18,154.46095378010705,0.028160012807460603,0.012452260124737269
2020-06-19,154.88272378492283,0.0027268717401079338,0.01477523589432304
2020-06-20,152.63053825704895,-0.014647991325881314,0.014002048141170181
2020-06-21,152.71926993976166,0.0005811805531122739,0.014127806391878314
2020-06-22,151.3316131277312,-0.009127856710843629,0.013403594124624128
2020-06-23,152.83664660933195,0.009896139496328428,0.013114017219123334
2020-06-24,154.04997020109784,0.007907349798506554,0.012845605249399115
2020-06-25,153.62892562077363,-0.0027369107785267795,0.012479784501089155
2020-06-26,155.09048049119733,0.009468570883277466,0.01197626933370303
2020-06-27,156.1883546251478,0.00705398865901464,0.011830464887282474
2020-06-28,157.85856881365729,0.01063681769456653,0.011543889780576097
2020-06-29,158.8395908974552,0.006195332631562437,0.011556283566677634
2020-06-30,158.9467550598823,0.0006744416042572214,0.011258739617330973
2020-07-01,157.8326036160403,-0.00703427169373522,0.010851192473297987
2020-07-02,161.3842149715959,0.022252949774888342,0.01075930510647305
2020-07-03,161.78436308014133,0.0024764060630708584,0.012478675082272635
2020-07-04,160.85845148225206,-0.005739561508407071,0.011947817797832643
2020-07-05,159.93630729183653,-0.005749138382909342,0.011628886893954854
2020-07-06,164.04472600968325,0.025363453661058622,0.011351278865679004
2020-07-07,166.143721092876,0.012714093278721415,0.01346636309101348
2020-07-08,162.98014620900062,-0.019224812503458023,0.013381326620566788
2020-07-09,165.10372311799892,0.012945510366767936,0.01418124605375012
2020-07-10,164.4080057719405,-0.004222723010209298,0.01401537197224482
2020-07-11,164.12125065176937,-0.001745690451529152,0.013386428390554511
2020-07-12,162.56003609453919,-0.009558101466157829,0.012760145291396026
2020-07-13,163.72708610782533,0.007153546129639931,0.012590260211340288
2020-07-14,167.6121141977488,0.023451533294051353,0.012213288745083949
2020-07-15,163.94280867114617,-0.02213482646242019,0.013764702929230615
2020-07-16,162.04652393188096,-0.011634160622190996,0.01490907531065767
2020-07-17,160.01098192113338,-0.012641028881931447,0.014617189641875276
2020-07-18,158.27005448715386,-0.010939670273266745,0.014452735453198457
2020-07-19,155.12540617054566,-0.02006891774732266,0.014164601419179608
2020-07-20,153.00376223598678,-0.013771350997106076,0.014928113782028985
2020-07-21,151.95364628231854,-0.00688699519983477,0.014825263567777917
2020-07-22,154.59866784032738,0.017257003632751955,0.014222409911270625
2020-07-23,149.67982888708872,-0.032333980527090474,0.014491898398980851
2020-07-24,149.0774738331254,-0.004032409348230015,0.017213944319962284
2020-07-25,151.01299586593785,0.012899769023452476,0.016245804709005333
2020-07-26,149.30593591184734,-0.011368436409738265,0.015802299586774263
2020-07-27,152.64710421194349,0.022131286846826123,0.015373410476431091
2020-07-28,155.29188753592436,0.01717774253096803,0.01605246847965391
2020-07-29,156.10220593457638,0.005204467552203102,0.01602635929460169
2020-07-30,160.16317411263407,0.02568217478699457,0.015183239604863296
2020-07-31,161.89813988674982,0.01077423758878075,0.01641235336154326
2020-08-01,164.9454343177858,0.01864734675769661,0.01579609246736698
2020-08-02,161.1371463355979,-0.02335887513463375,0.015969398112839907
2020-08-03,162.3696296351284,0.00761955763523656,0.0168431890371872
2020-08-04,160.6441898991267,-0.010683481900581175,0.016006494759728162
2020-08-05,156.93701620855336,-0.02334736449092543,0.015501087705747846
2020-08-06,156.26392933465135,-0.00429812182682396,0.016465443855796874
2020-08-07,157.34034108715986,0.0068648043488971165,0.015580321321129536
2020-08-08,155.97230951334166,-0.008732748359363895,0.014845387298389053
2020-08-09,157.14884436886322,0.007514921160082528,0.014347545422825084
2020-08-10,159.92901598080394,0.017536657137548643,0.013780245375146336
2020-08-11,158.9944056521534,-0.005861049648432051,0.014157530040638952
2020-08-12,158.31119267122475,-0.004306347195673977,0.013580007495831397
2020-08-13,158.60891277367736,0.0018788343492090423,0.013002469395670489
2020-08-14,158.80812240427343,0.001255191969385274,0.01240543015150226
2020-08-15,161.01809124006294,0.013820030475850783,0.011868762536519702
2020-08-16,156.23509494086602,-0.03015483493444807,0.012144122723103917
2020-08-17,157.3237060137605,0.00694361276680858,0.015143633965880294
2020-08-18,155.98377509511937,-0.008553508414677918,0.01445967554226362
2020-08-19,153.9489527511873,-0.013130924218247443,0.013997017029741394
2020-08-20,158.75415204913415,0.0307357202491951,0.013968150284686962
2020-08-21,158.89265976596076,0.0008720863578858599,0.016348171668967116
2020-08-22,157.87767277497193,-0.0064083682104921925,0.01540088160483317
2020-08-23,162.3770779199589,0.028100761734125696,0.014709916254294221
2020-08-24,163.71412541876026,0.00820049714886304,0.01643485915995311
2020-08-25,162.8492818843616,-0.005296647064249009,0.01566903544894628
2020-08-26,164.31935170903148,0.008986678839769703,0.014901375199424768
2020-08-27,165.12841941230286,0.004911669774218724,0.014350808589827485
2020-08-28,162.23835538268116,-0.017656887240740063,0.01367479923524517
2020-08-29,160.46511262897684,-0.010990031265539246,0.014209763173006
2020-08-30,159.18532139930562,-0.008007485251107943,0.013958217861399315
2020-08-31,158.16981897400464,-0.0063998074217025466,0.013522011666764889
2020-09-01,158.96332581112352,0.005004260867238063,0.013045260205697894
2020-09-02,157.44359586041224,-0.00960624773558989,0.012517221271321504
2020-09-03,155.60871399066778,-0.01172265991674223,0.012385165660226414
2020-09-04,156.36841607188163,0.004870251756580344,0.012462857646246207
2020-09-05,156.72165920796851,0.002256496221781366,0.011997262506321901
2020-09-06,153.98839209380813,-0.017594137106807684,0.011517494927130242
2020-09-07,152.8406166245805,-0.007481566542876947,0.012469746017902518
2020-09-08,153.26456502484717,0.00276995422978086,0.012187736514061322
2020-09-09,156.59527212811025,0.021498981102759246,0.011695086675877443
2020-09-10,156.61418258157428,0.00012075276274481854,0.013051992768855152
2020-09-11,157.15065756059136,0.0034196024102285017,0.012442496566172186
2020-09-12,157.0447502182021,-0.0006741495501096661,0.011935064746481556
2020-09-13,156.97666738040462,-0.0004336190785004713,0.01145498876664238
2020-09-14,153.8034947188487,-0.02042139958985297,0.011028210052211178
2020-09-15,156.5234861932965,0.01753029094060968,0.012535896477403118
2020-09-16,157.2705556333417,0.004761536243156388,0.013136950801861287
2020-09-17,159.11004804549583,0.01162848239732234,0.012590020811345741
2020-09-18,156.40192732912303,-0.01716693777222692,0.012534617763312623
2020-09-19,154.7433634838987,-0.010661125869332733,0.013219728254630398
2020-09-20,155.21874869268515,0.003067378643037294,0.013076853823624439
2020-09-21,154.0426328726003,-0.007606002948770977,0.012490501725128873
2020-09-22,152.86864359747045,-0.007650386877960177,0.012213986520550063
2020-09-23,156.45141609691154,0.02316650744983505,0.011976941485270537
2020-09-24,154.70960091057395,-0.011195704377508029,0.013539095768835451
2020-09-25,154.53504128552885,-0.0011289420721748776,0.013397387700244005
2020-09-26,154.04802916440846,-0.003156443577786383,0.012760558092791321
